代號,簡稱,資產類別,官方產業,大類股,市場別
1101,台泥,普通股,水泥工業,傳統產業類,上市 (TWSE)
1102,亞泥,普通股,水泥工業,傳統產業類,上市 (TWSE)
1103,嘉泥,普通股,水泥工業,傳統產業類,上市 (TWSE)
1104,環泥,普通股,水泥工業,傳統產業類,上市 (TWSE)
1108,幸福,普通股,水泥工業,傳統產業類,上市 (TWSE)
1109,信大,普通股,水泥工業,傳統產業類,上市 (TWSE)
1110,東泥,普通股,水泥工業,傳統產業類,上市 (TWSE)
1201,味全,普通股,食品工業,傳統產業類,上市 (TWSE)
1203,味王,普通股,食品工業,傳統產業類,上市 (TWSE)
1210,大成,普通股,食品工業,傳統產業類,上市 (TWSE)
1213,大飲,普通股,食品工業,傳統產業類,上市 (TWSE)
1215,卜蜂,普通股,食品工業,傳統產業類,上市 (TWSE)
1216,統一,普通股,食品工業,傳統產業類,上市 (TWSE)
1217,愛之味,普通股,食品工業,傳統產業類,上市 (TWSE)
1218,泰山,普通股,食品工業,傳統產業類,上市 (TWSE)
1219,福壽,普通股,食品工業,傳統產業類,上市 (TWSE)
1220,台榮,普通股,食品工業,傳統產業類,上市 (TWSE)
1225,福懋油,普通股,食品工業,傳統產業類,上市 (TWSE)
1227,佳格,普通股,食品工業,傳統產業類,上市 (TWSE)
1229,聯華,普通股,食品工業,傳統產業類,上市 (TWSE)
1231,聯華食,普通股,食品工業,傳統產業類,上市 (TWSE)
1232,大統益,普通股,食品工業,傳統產業類,上市 (TWSE)
1233,天仁,普通股,食品工業,傳統產業類,上市 (TWSE)
1234,黑松,普通股,食品工業,傳統產業類,上市 (TWSE)
1235,興泰,普通股,食品工業,傳統產業類,上市 (TWSE)
1236,宏亞,普通股,食品工業,傳統產業類,上市 (TWSE)
1240,茂生農經,普通股,其他業,傳統產業類,上櫃 (TPEx)
1256,鮮活果汁-KY,普通股,食品工業,傳統產業類,上市 (TWSE)
1259,安心,普通股,油電燃氣業,傳統產業類,上櫃 (TPEx)
1260,富味鄉,普通股,食品工業,傳統產業類,興櫃 (ESM)
1264,德麥,普通股,食品工業,傳統產業類,上櫃 (TPEx)
1268,漢來美食,普通股,油電燃氣業,傳統產業類,上櫃 (TPEx)
1269,乾杯,普通股,油電燃氣業,傳統產業類,興櫃 (ESM)
1271,晨暉生技,普通股,光電業,電子科技類,興櫃 (ESM)
1293,利統,普通股,食品工業,傳統產業類,興櫃 (ESM)
1294,漢田生技,普通股,食品工業,傳統產業類,上櫃 (TPEx)
1295,生合,普通股,食品工業,傳統產業類,上櫃 (TPEx)
1301,台塑,普通股,塑膠工業,傳統產業類,上市 (TWSE)
1303,南亞,普通股,塑膠工業,傳統產業類,上市 (TWSE)
1304,台聚,普通股,塑膠工業,傳統產業類,上市 (TWSE)
1305,華夏,普通股,塑膠工業,傳統產業類,上市 (TWSE)
1307,三芳,普通股,塑膠工業,傳統產業類,上市 (TWSE)
1308,亞聚,普通股,塑膠工業,傳統產業類,上市 (TWSE)
1309,台達化,普通股,塑膠工業,傳統產業類,上市 (TWSE)
1310,台苯,普通股,塑膠工業,傳統產業類,上市 (TWSE)
1312,國喬,普通股,塑膠工業,傳統產業類,上市 (TWSE)
1313,聯成,普通股,塑膠工業,傳統產業類,上市 (TWSE)
1314,中石化,普通股,塑膠工業,傳統產業類,上市 (TWSE)
1315,達新,普通股,塑膠工業,傳統產業類,上市 (TWSE)
1316,上曜,普通股,觀光餐旅,傳統產業類,上市 (TWSE)
1319,東陽,普通股,建材營造,傳統產業類,上市 (TWSE)
1321,大洋,普通股,塑膠工業,傳統產業類,上市 (TWSE)
1323,永裕,普通股,塑膠工業,傳統產業類,上市 (TWSE)
1324,地球,普通股,塑膠工業,傳統產業類,上市 (TWSE)
1325,恆大,普通股,塑膠工業,傳統產業類,上市 (TWSE)
1326,台化,普通股,塑膠工業,傳統產業類,上市 (TWSE)
1336,台翰,普通股,金融保險業,金融保險類,上櫃 (TPEx)
1337,再生-KY,普通股,塑膠工業,傳統產業類,上市 (TWSE)
1338,廣華-KY,普通股,建材營造,傳統產業類,上市 (TWSE)
1339,昭輝,普通股,建材營造,傳統產業類,上市 (TWSE)
1340,勝悅-KY,普通股,塑膠工業,傳統產業類,上市 (TWSE)
1341,富林-KY,普通股,塑膠工業,傳統產業類,上市 (TWSE)
1342,八貫,普通股,半導體業,電子科技類,上市 (TWSE)
1343,旭東環保,普通股,綠能環保,政策綠能類,興櫃 (ESM)
1402,遠東新,普通股,紡織纖維,傳統產業類,上市 (TWSE)
1409,新纖,普通股,紡織纖維,傳統產業類,上市 (TWSE)
1410,南染,普通股,紡織纖維,傳統產業類,上市 (TWSE)
1413,宏洲,普通股,紡織纖維,傳統產業類,上市 (TWSE)
1414,東和,普通股,紡織纖維,傳統產業類,上市 (TWSE)
1416,廣豐,普通股,半導體業,電子科技類,上市 (TWSE)
1417,嘉裕,普通股,紡織纖維,傳統產業類,上市 (TWSE)
1418,東華,普通股,紡織纖維,傳統產業類,上市 (TWSE)
1419,新紡,普通股,紡織纖維,傳統產業類,上市 (TWSE)
1423,利華,普通股,紡織纖維,傳統產業類,上市 (TWSE)
1432,大魯閣,普通股,未分類,其他/未分類,上市 (TWSE)
1434,福懋,普通股,紡織纖維,傳統產業類,上市 (TWSE)
1435,中福,普通股,半導體業,電子科技類,上市 (TWSE)
1436,華友聯,普通股,觀光餐旅,傳統產業類,上市 (TWSE)
1437,勤益控,普通股,半導體業,電子科技類,上市 (TWSE)
1438,三地開發,普通股,觀光餐旅,傳統產業類,上市 (TWSE)
1439,雋揚,普通股,觀光餐旅,傳統產業類,上市 (TWSE)
1440,南紡,普通股,紡織纖維,傳統產業類,上市 (TWSE)
1441,大東,普通股,紡織纖維,傳統產業類,上市 (TWSE)
1442,名軒,普通股,觀光餐旅,傳統產業類,上市 (TWSE)
1443,立益物流,普通股,半導體業,電子科技類,上市 (TWSE)
1444,力麗,普通股,紡織纖維,傳統產業類,上市 (TWSE)
1445,大宇,普通股,紡織纖維,傳統產業類,上市 (TWSE)
1446,宏和,普通股,紡織纖維,傳統產業類,上市 (TWSE)
1447,力鵬,普通股,紡織纖維,傳統產業類,上市 (TWSE)
1449,佳和,普通股,紡織纖維,傳統產業類,上市 (TWSE)
1451,年興,普通股,紡織纖維,傳統產業類,上市 (TWSE)
1452,宏益,普通股,紡織纖維,傳統產業類,上市 (TWSE)
1453,大將,普通股,觀光餐旅,傳統產業類,上市 (TWSE)
1454,台富,普通股,紡織纖維,傳統產業類,上市 (TWSE)
1455,集盛,普通股,紡織纖維,傳統產業類,上市 (TWSE)
1456,怡華,普通股,觀光餐旅,傳統產業類,上市 (TWSE)
1457,宜進,普通股,紡織纖維,傳統產業類,上市 (TWSE)
1459,聯發,普通股,紡織纖維,傳統產業類,上市 (TWSE)
1460,宏遠,普通股,紡織纖維,傳統產業類,上市 (TWSE)
1463,強盛新,普通股,紡織纖維,傳統產業類,上市 (TWSE)
1464,得力,普通股,紡織纖維,傳統產業類,上市 (TWSE)
1465,偉全,普通股,紡織纖維,傳統產業類,上市 (TWSE)
1466,聚隆,普通股,紡織纖維,傳統產業類,上市 (TWSE)
1467,南緯,普通股,紡織纖維,傳統產業類,上市 (TWSE)
1468,昶和,普通股,紡織纖維,傳統產業類,上市 (TWSE)
1470,大統新創,普通股,紡織纖維,傳統產業類,上市 (TWSE)
1471,首利,普通股,金融保險業,金融保險類,上市 (TWSE)
1472,三洋實業,普通股,觀光餐旅,傳統產業類,上市 (TWSE)
1473,台南,普通股,紡織纖維,傳統產業類,上市 (TWSE)
1474,弘裕,普通股,紡織纖維,傳統產業類,上市 (TWSE)
1475,業旺,普通股,紡織纖維,傳統產業類,上市 (TWSE)
1476,儒鴻,普通股,紡織纖維,傳統產業類,上市 (TWSE)
1477,聚陽,普通股,紡織纖維,傳統產業類,上市 (TWSE)
1480,東盟開發,普通股,橡膠工業,傳統產業類,興櫃 (ESM)
1503,士電,普通股,電機機械,傳統產業類,上市 (TWSE)
1504,東元,普通股,電機機械,傳統產業類,上市 (TWSE)
1506,正道,普通股,電機機械,傳統產業類,上市 (TWSE)
1512,瑞利,普通股,建材營造,傳統產業類,上市 (TWSE)
1513,中興電,普通股,電機機械,傳統產業類,上市 (TWSE)
1514,亞力,普通股,電機機械,傳統產業類,上市 (TWSE)
1515,力山,普通股,電機機械,傳統產業類,上市 (TWSE)
1516,川飛,普通股,半導體業,電子科技類,上市 (TWSE)
1517,利奇,普通股,電機機械,傳統產業類,上市 (TWSE)
1519,華城,普通股,電機機械,傳統產業類,上市 (TWSE)
1521,大億,普通股,建材營造,傳統產業類,上市 (TWSE)
1522,堤維西,普通股,建材營造,傳統產業類,上市 (TWSE)
1524,耿鼎,普通股,建材營造,傳統產業類,上市 (TWSE)
1525,江申,普通股,建材營造,傳統產業類,上市 (TWSE)
1526,日馳,普通股,電機機械,傳統產業類,上市 (TWSE)
1527,鑽全,普通股,電機機械,傳統產業類,上市 (TWSE)
1528,恩德,普通股,電機機械,傳統產業類,上市 (TWSE)
1529,樂事綠能,普通股,電機機械,傳統產業類,上市 (TWSE)
1530,亞崴,普通股,電機機械,傳統產業類,上市 (TWSE)
1531,高林股,普通股,電機機械,傳統產業類,上市 (TWSE)
1532,勤美,普通股,電機機械,傳統產業類,上市 (TWSE)
1533,車王電,普通股,建材營造,傳統產業類,上市 (TWSE)
1535,中宇,普通股,電機機械,傳統產業類,上市 (TWSE)
1536,和大,普通股,建材營造,傳統產業類,上市 (TWSE)
1537,廣隆,普通股,電機機械,傳統產業類,上市 (TWSE)
1538,正峰,普通股,電機機械,傳統產業類,上市 (TWSE)
1539,巨庭,普通股,電機機械,傳統產業類,上市 (TWSE)
1540,喬福,普通股,電機機械,傳統產業類,上市 (TWSE)
1541,錩泰,普通股,電機機械,傳統產業類,上市 (TWSE)
1558,伸興,普通股,電機機械,傳統產業類,上市 (TWSE)
1560,中砂,普通股,電機機械,傳統產業類,上市 (TWSE)
1563,巧新,普通股,建材營造,傳統產業類,上市 (TWSE)
1565,精華,普通股,光電業,電子科技類,上櫃 (TPEx)
1568,倉佑,普通股,建材營造,傳統產業類,上市 (TWSE)
1569,濱川,普通股,電子通路業,電子科技類,上櫃 (TPEx)
1570,力肯,普通股,電機機械,傳統產業類,上櫃 (TPEx)
1580,新麥,普通股,電機機械,傳統產業類,上櫃 (TPEx)
1582,信錦,普通股,金融保險業,金融保險類,上市 (TWSE)
1583,程泰,普通股,電機機械,傳統產業類,上市 (TWSE)
1584,精剛,普通股,半導體業,電子科技類,上櫃 (TPEx)
1586,和勤,普通股,電機機械,傳統產業類,上櫃 (TPEx)
1587,吉茂,普通股,建材營造,傳統產業類,上市 (TWSE)
1589,永冠-KY,普通股,電機機械,傳統產業類,上市 (TWSE)
1590,亞德客-KY,普通股,電機機械,傳統產業類,上市 (TWSE)
1591,駿吉-KY,普通股,電機機械,傳統產業類,上櫃 (TPEx)
1593,祺驊,普通股,未分類,其他/未分類,上櫃 (TPEx)
1594,日高,普通股,電機機械,傳統產業類,興櫃 (ESM)
1595,川寶,普通股,電子零組件業,電子科技類,上櫃 (TPEx)
1597,直得,普通股,電機機械,傳統產業類,上市 (TWSE)
1598,岱宇,普通股,未分類,其他/未分類,上市 (TWSE)
1599,宏佳騰,普通股,電機機械,傳統產業類,上櫃 (TPEx)
1603,華電,普通股,電器電纜,傳統產業類,上市 (TWSE)
1604,聲寶,普通股,電器電纜,傳統產業類,上市 (TWSE)
1605,華新,普通股,電器電纜,傳統產業類,上市 (TWSE)
1608,華榮,普通股,電器電纜,傳統產業類,上市 (TWSE)
1609,大亞,普通股,電器電纜,傳統產業類,上市 (TWSE)
1611,中電,普通股,電器電纜,傳統產業類,上市 (TWSE)
1612,宏泰,普通股,電器電纜,傳統產業類,上市 (TWSE)
1614,三洋電,普通股,電器電纜,傳統產業類,上市 (TWSE)
1615,大山,普通股,電器電纜,傳統產業類,上市 (TWSE)
1616,億泰,普通股,電器電纜,傳統產業類,上市 (TWSE)
1617,榮星,普通股,電器電纜,傳統產業類,上市 (TWSE)
1618,合機,普通股,電器電纜,傳統產業類,上市 (TWSE)
1623,大東電,普通股,電器電纜,傳統產業類,上市 (TWSE)
1626,艾美特-KY,普通股,電器電纜,傳統產業類,上市 (TWSE)
1702,南僑,普通股,食品工業,傳統產業類,上市 (TWSE)
1707,葡萄王,普通股,光電業,電子科技類,上市 (TWSE)
1708,東鹼,普通股,電腦及週邊設備業,電子科技類,上市 (TWSE)
1709,和益,普通股,電腦及週邊設備業,電子科技類,上市 (TWSE)
1710,東聯,普通股,電腦及週邊設備業,電子科技類,上市 (TWSE)
1711,永光,普通股,電腦及週邊設備業,電子科技類,上市 (TWSE)
1712,興農,普通股,電腦及週邊設備業,電子科技類,上市 (TWSE)
1713,國化,普通股,電腦及週邊設備業,電子科技類,上市 (TWSE)
1714,和桐,普通股,電腦及週邊設備業,電子科技類,上市 (TWSE)
1717,長興,普通股,電腦及週邊設備業,電子科技類,上市 (TWSE)
1718,中纖,普通股,電腦及週邊設備業,電子科技類,上市 (TWSE)
1720,生達,普通股,光電業,電子科技類,上市 (TWSE)
1721,三晃,普通股,電腦及週邊設備業,電子科技類,上市 (TWSE)
1722,台肥,普通股,電腦及週邊設備業,電子科技類,上市 (TWSE)
1723,中碳,普通股,電腦及週邊設備業,電子科技類,上市 (TWSE)
1725,元禎,普通股,電腦及週邊設備業,電子科技類,上市 (TWSE)
1726,永記,普通股,電腦及週邊設備業,電子科技類,上市 (TWSE)
1727,中華化,普通股,電腦及週邊設備業,電子科技類,上市 (TWSE)
1730,花仙子,普通股,電腦及週邊設備業,電子科技類,上市 (TWSE)
1731,美吾華,普通股,光電業,電子科技類,上市 (TWSE)
1732,毛寶,普通股,電腦及週邊設備業,電子科技類,上市 (TWSE)
1733,五鼎,普通股,光電業,電子科技類,上市 (TWSE)
1734,杏輝,普通股,光電業,電子科技類,上市 (TWSE)
1735,日勝化,普通股,電腦及週邊設備業,電子科技類,上市 (TWSE)
1736,喬山,普通股,未分類,其他/未分類,上市 (TWSE)
1737,臺鹽,普通股,食品工業,傳統產業類,上市 (TWSE)
1742,台蠟,普通股,電腦及週邊設備業,電子科技類,上櫃 (TPEx)
1752,南光,普通股,光電業,電子科技類,上市 (TWSE)
1760,寶齡富錦,普通股,光電業,電子科技類,上市 (TWSE)
1762,中化生,普通股,光電業,電子科技類,上市 (TWSE)
1773,勝一,普通股,電腦及週邊設備業,電子科技類,上市 (TWSE)
1776,展宇,普通股,電腦及週邊設備業,電子科技類,上市 (TWSE)
1777,生泰,普通股,光電業,電子科技類,上櫃 (TPEx)
1780,立弘,普通股,光電業,電子科技類,興櫃 (ESM)
1781,合世,普通股,光電業,電子科技類,上櫃 (TPEx)
1783,和康生,普通股,光電業,電子科技類,上市 (TWSE)
1784,訊聯,普通股,光電業,電子科技類,上櫃 (TPEx)
1785,光洋科,普通股,居家生活,傳統產業類,上櫃 (TPEx)
1786,科妍,普通股,光電業,電子科技類,上市 (TWSE)
1788,杏昌,普通股,光電業,電子科技類,上櫃 (TPEx)
1789,神隆,普通股,光電業,電子科技類,上市 (TWSE)
1795,美時,普通股,光電業,電子科技類,上市 (TWSE)
1796,金穎生技,普通股,食品工業,傳統產業類,上櫃 (TPEx)
1799,易威,普通股,光電業,電子科技類,上櫃 (TPEx)
1802,台玻,普通股,造紙工業,傳統產業類,上市 (TWSE)
1805,寶徠,普通股,觀光餐旅,傳統產業類,上市 (TWSE)
1806,冠軍,普通股,造紙工業,傳統產業類,上市 (TWSE)
1808,潤隆,普通股,觀光餐旅,傳統產業類,上市 (TWSE)
1809,中釉,普通股,造紙工業,傳統產業類,上市 (TWSE)
1810,和成,普通股,造紙工業,傳統產業類,上市 (TWSE)
1813,寶利徠,普通股,光電業,電子科技類,上櫃 (TPEx)
1815,富喬,普通股,金融保險業,金融保險類,上櫃 (TPEx)
1817,凱撒衛,普通股,造紙工業,傳統產業類,上市 (TWSE)
1903,士紙,普通股,鋼鐵工業,傳統產業類,上市 (TWSE)
1904,正隆,普通股,鋼鐵工業,傳統產業類,上市 (TWSE)
1905,華紙,普通股,鋼鐵工業,傳統產業類,上市 (TWSE)
1906,寶隆,普通股,鋼鐵工業,傳統產業類,上市 (TWSE)
1907,永豐餘,普通股,鋼鐵工業,傳統產業類,上市 (TWSE)
1909,榮成,普通股,鋼鐵工業,傳統產業類,上市 (TWSE)
2002,中鋼,普通股,橡膠工業,傳統產業類,上市 (TWSE)
2006,東和鋼鐵,普通股,橡膠工業,傳統產業類,上市 (TWSE)
2007,燁興,普通股,橡膠工業,傳統產業類,上市 (TWSE)
2008,高興昌,普通股,橡膠工業,傳統產業類,上市 (TWSE)
2009,第一銅,普通股,橡膠工業,傳統產業類,上市 (TWSE)
2010,春源,普通股,橡膠工業,傳統產業類,上市 (TWSE)
2012,春雨,普通股,橡膠工業,傳統產業類,上市 (TWSE)
2013,中鋼構,普通股,橡膠工業,傳統產業類,上市 (TWSE)
2014,中鴻,普通股,橡膠工業,傳統產業類,上市 (TWSE)
2015,豐興,普通股,橡膠工業,傳統產業類,上市 (TWSE)
2017,官田鋼,普通股,橡膠工業,傳統產業類,上市 (TWSE)
2020,美亞,普通股,橡膠工業,傳統產業類,上市 (TWSE)
2022,聚亨,普通股,橡膠工業,傳統產業類,上市 (TWSE)
2023,燁輝,普通股,橡膠工業,傳統產業類,上市 (TWSE)
2024,志聯,普通股,橡膠工業,傳統產業類,上市 (TWSE)
2025,千興,普通股,橡膠工業,傳統產業類,上市 (TWSE)
2027,大成鋼,普通股,橡膠工業,傳統產業類,上市 (TWSE)
2028,威致,普通股,橡膠工業,傳統產業類,上市 (TWSE)
2029,盛餘,普通股,橡膠工業,傳統產業類,上市 (TWSE)
2030,彰源,普通股,橡膠工業,傳統產業類,上市 (TWSE)
2031,新光鋼,普通股,橡膠工業,傳統產業類,上市 (TWSE)
2032,新鋼,普通股,橡膠工業,傳統產業類,上市 (TWSE)
2033,佳大,普通股,橡膠工業,傳統產業類,上市 (TWSE)
2034,允強,普通股,橡膠工業,傳統產業類,上市 (TWSE)
2035,唐榮公司,普通股,橡膠工業,傳統產業類,上櫃 (TPEx)
2038,海光,普通股,橡膠工業,傳統產業類,上市 (TWSE)
2049,上銀,普通股,電機機械,傳統產業類,上市 (TWSE)
2059,川湖,普通股,金融保險業,金融保險類,上市 (TWSE)
2061,風青,普通股,電器電纜,傳統產業類,上櫃 (TPEx)
2062,橋椿,普通股,未分類,其他/未分類,上市 (TWSE)
2063,世鎧精密,普通股,橡膠工業,傳統產業類,上櫃 (TPEx)
2064,晉椿,普通股,橡膠工業,傳統產業類,上櫃 (TPEx)
2065,世豐,普通股,橡膠工業,傳統產業類,上櫃 (TPEx)
2066,世德,普通股,電機機械,傳統產業類,上櫃 (TPEx)
2067,嘉鋼,普通股,電機機械,傳統產業類,上櫃 (TPEx)
2069,運錩,普通股,橡膠工業,傳統產業類,上市 (TWSE)
2070,精湛,普通股,電機機械,傳統產業類,上櫃 (TPEx)
2071,震南鐵,普通股,橡膠工業,傳統產業類,興櫃 (ESM)
2072,世紀風電,普通股,綠能環保,政策綠能類,上市 (TWSE)
2073,雄順,普通股,橡膠工業,傳統產業類,上櫃 (TPEx)
2101,南港,普通股,汽車工業,傳統產業類,上市 (TWSE)
2102,泰豐,普通股,汽車工業,傳統產業類,上市 (TWSE)
2103,台橡,普通股,汽車工業,傳統產業類,上市 (TWSE)
2104,國際中橡,普通股,汽車工業,傳統產業類,上市 (TWSE)
2105,正新,普通股,汽車工業,傳統產業類,上市 (TWSE)
2106,建大,普通股,汽車工業,傳統產業類,上市 (TWSE)
2107,厚生,普通股,汽車工業,傳統產業類,上市 (TWSE)
2108,南帝,普通股,汽車工業,傳統產業類,上市 (TWSE)
2109,華豐,普通股,汽車工業,傳統產業類,上市 (TWSE)
2114,鑫永銓,普通股,汽車工業,傳統產業類,上市 (TWSE)
2115,六暉-KY,普通股,建材營造,傳統產業類,上市 (TWSE)
2201,裕隆,普通股,建材營造,傳統產業類,上市 (TWSE)
2204,中華,普通股,建材營造,傳統產業類,上市 (TWSE)
2206,三陽工業,普通股,建材營造,傳統產業類,上市 (TWSE)
2207,和泰車,普通股,建材營造,傳統產業類,上市 (TWSE)
2208,台船,普通股,貿易百貨業,傳統產業類,上市 (TWSE)
2211,長榮鋼,普通股,橡膠工業,傳統產業類,上市 (TWSE)
2221,大甲,普通股,半導體業,電子科技類,上櫃 (TPEx)
2227,裕日車,普通股,建材營造,傳統產業類,上市 (TWSE)
2228,劍麟,普通股,建材營造,傳統產業類,上市 (TWSE)
2230,泰茂,普通股,未分類,其他/未分類,上櫃 (TPEx)
2231,為升,普通股,建材營造,傳統產業類,上市 (TWSE)
2233,宇隆,普通股,建材營造,傳統產業類,上市 (TWSE)
2235,謚源,普通股,電機機械,傳統產業類,上櫃 (TPEx)
2236,百達-KY,普通股,建材營造,傳統產業類,上市 (TWSE)
2237,華德動能,普通股,電機機械,傳統產業類,興櫃 (ESM)
2239,英利-KY,普通股,建材營造,傳統產業類,上市 (TWSE)
2241,艾姆勒,普通股,建材營造,傳統產業類,上市 (TWSE)
2243,宏旭-KY,普通股,建材營造,傳統產業類,上市 (TWSE)
2245,詠勝昌*,普通股,電機機械,傳統產業類,興櫃 (ESM)
2247,汎德永業,普通股,建材營造,傳統產業類,上市 (TWSE)
2248,華勝-KY,普通股,建材營造,傳統產業類,上市 (TWSE)
2249,湧盛,普通股,電機機械,傳統產業類,興櫃 (ESM)
2250,IKKA-KY,普通股,建材營造,傳統產業類,上市 (TWSE)
2252,為昇科,普通股,居家生活,傳統產業類,興櫃 (ESM)
2254,巨鎧精密-創,普通股,建材營造,傳統產業類,上市 (TWSE)
2255,凱銳光電,普通股,居家生活,傳統產業類,興櫃 (ESM)
2256,歐特明,普通股,居家生活,傳統產業類,興櫃 (ESM)
2258,鴻華先進-創,普通股,建材營造,傳統產業類,上市 (TWSE)
2301,光寶科,普通股,電子通路業,電子科技類,上市 (TWSE)
2302,麗正,普通股,電子零組件業,電子科技類,上市 (TWSE)
2303,聯電,普通股,電子零組件業,電子科技類,上市 (TWSE)
2305,全友,普通股,電子通路業,電子科技類,上市 (TWSE)
2308,台達電,普通股,金融保險業,金融保險類,上市 (TWSE)
2312,金寶,普通股,居家生活,傳統產業類,上市 (TWSE)
2313,華通,普通股,金融保險業,金融保險類,上市 (TWSE)
2314,台揚,普通股,其他電子業,電子科技類,上市 (TWSE)
2316,楠梓電,普通股,金融保險業,金融保險類,上市 (TWSE)
2317,鴻海,普通股,居家生活,傳統產業類,上市 (TWSE)
2321,東訊,普通股,其他電子業,電子科技類,上市 (TWSE)
2323,中環,普通股,資訊服務業,電子科技類,上市 (TWSE)
2324,仁寶,普通股,電子通路業,電子科技類,上市 (TWSE)
2327,國巨*,普通股,金融保險業,金融保險類,上市 (TWSE)
2328,廣宇,普通股,金融保險業,金融保險類,上市 (TWSE)
2329,華泰,普通股,電子零組件業,電子科技類,上市 (TWSE)
2330,台積電,普通股,電子零組件業,電子科技類,上市 (TWSE)
2331,精英,普通股,電子通路業,電子科技類,上市 (TWSE)
2332,友訊,普通股,其他電子業,電子科技類,上市 (TWSE)
2337,旺宏,普通股,電子零組件業,電子科技類,上市 (TWSE)
2338,光罩,普通股,電子零組件業,電子科技類,上市 (TWSE)
2340,台亞,普通股,電子零組件業,電子科技類,上市 (TWSE)
2342,茂矽,普通股,電子零組件業,電子科技類,上市 (TWSE)
2344,華邦電,普通股,電子零組件業,電子科技類,上市 (TWSE)
2345,智邦,普通股,其他電子業,電子科技類,上市 (TWSE)
2347,聯強,普通股,貿易百貨業,傳統產業類,上市 (TWSE)
2348,海悅,普通股,半導體業,電子科技類,上市 (TWSE)
2349,錸德,普通股,資訊服務業,電子科技類,上市 (TWSE)
2351,順德,普通股,電子零組件業,電子科技類,上市 (TWSE)
2352,佳世達,普通股,電子通路業,電子科技類,上市 (TWSE)
2353,宏碁,普通股,電子通路業,電子科技類,上市 (TWSE)
2354,鴻準,普通股,居家生活,傳統產業類,上市 (TWSE)
2355,敬鵬,普通股,金融保險業,金融保險類,上市 (TWSE)
2356,英業達,普通股,電子通路業,電子科技類,上市 (TWSE)
2357,華碩,普通股,電子通路業,電子科技類,上市 (TWSE)
2359,所羅門,普通股,居家生活,傳統產業類,上市 (TWSE)
2360,致茂,普通股,居家生活,傳統產業類,上市 (TWSE)
2362,藍天,普通股,電子通路業,電子科技類,上市 (TWSE)
2363,矽統,普通股,電子零組件業,電子科技類,上市 (TWSE)
2364,倫飛,普通股,電子通路業,電子科技類,上市 (TWSE)
2365,昆盈,普通股,電子通路業,電子科技類,上市 (TWSE)
2367,燿華,普通股,金融保險業,金融保險類,上市 (TWSE)
2368,金像電,普通股,金融保險業,金融保險類,上市 (TWSE)
2369,菱生,普通股,電子零組件業,電子科技類,上市 (TWSE)
2371,大同,普通股,電機機械,傳統產業類,上市 (TWSE)
2373,震旦行,普通股,居家生活,傳統產業類,上市 (TWSE)
2374,佳能,普通股,資訊服務業,電子科技類,上市 (TWSE)
2375,凱美,普通股,金融保險業,金融保險類,上市 (TWSE)
2376,技嘉,普通股,電子通路業,電子科技類,上市 (TWSE)
2377,微星,普通股,電子通路業,電子科技類,上市 (TWSE)
2379,瑞昱,普通股,電子零組件業,電子科技類,上市 (TWSE)
2380,虹光,普通股,電子通路業,電子科技類,上市 (TWSE)
2382,廣達,普通股,電子通路業,電子科技類,上市 (TWSE)
2383,台光電,普通股,金融保險業,金融保險類,上市 (TWSE)
2385,群光,普通股,金融保險業,金融保險類,上市 (TWSE)
2387,精元,普通股,電子通路業,電子科技類,上市 (TWSE)
2388,威盛,普通股,電子零組件業,電子科技類,上市 (TWSE)
2390,云辰,普通股,居家生活,傳統產業類,上市 (TWSE)
2392,正崴,普通股,金融保險業,金融保險類,上市 (TWSE)
2393,億光,普通股,資訊服務業,電子科技類,上市 (TWSE)
2395,研華,普通股,電子通路業,電子科技類,上市 (TWSE)
2397,友通,普通股,電子通路業,電子科技類,上市 (TWSE)
2399,映泰,普通股,電子通路業,電子科技類,上市 (TWSE)
2401,凌陽,普通股,電子零組件業,電子科技類,上市 (TWSE)
2402,毅嘉,普通股,金融保險業,金融保險類,上市 (TWSE)
2404,漢唐,普通股,居家生活,傳統產業類,上市 (TWSE)
2405,輔信,普通股,電子通路業,電子科技類,上市 (TWSE)
2406,國碩,普通股,資訊服務業,電子科技類,上市 (TWSE)
2408,南亞科,普通股,電子零組件業,電子科技類,上市 (TWSE)
2409,友達,普通股,資訊服務業,電子科技類,上市 (TWSE)
2412,中華電,普通股,其他電子業,電子科技類,上市 (TWSE)
2413,環科,普通股,金融保險業,金融保險類,上市 (TWSE)
2414,精技,普通股,貿易百貨業,傳統產業類,上市 (TWSE)
2415,錩新,普通股,金融保險業,金融保險類,上市 (TWSE)
2417,圓剛,普通股,電子通路業,電子科技類,上市 (TWSE)
2419,仲琦,普通股,其他電子業,電子科技類,上市 (TWSE)
2420,新巨,普通股,金融保險業,金融保險類,上市 (TWSE)
2421,建準,普通股,金融保險業,金融保險類,上市 (TWSE)
2423,固緯,普通股,居家生活,傳統產業類,上市 (TWSE)
2424,隴華,普通股,其他電子業,電子科技類,上市 (TWSE)
2425,承啟,普通股,電子通路業,電子科技類,上市 (TWSE)
2426,鼎元,普通股,資訊服務業,電子科技類,上市 (TWSE)
2427,三商電,普通股,運動休閒,傳統產業類,上市 (TWSE)
2428,興勤,普通股,金融保險業,金融保險類,上市 (TWSE)
2429,銘旺科,普通股,資訊服務業,電子科技類,上市 (TWSE)
2430,燦坤,普通股,貿易百貨業,傳統產業類,上市 (TWSE)
2431,聯昌,普通股,金融保險業,金融保險類,上市 (TWSE)
2432,倚天酷碁-創,普通股,電子通路業,電子科技類,上市 (TWSE)
2433,互盛電,普通股,居家生活,傳統產業類,上市 (TWSE)
2434,統懋,普通股,電子零組件業,電子科技類,上市 (TWSE)
2436,偉詮電,普通股,電子零組件業,電子科技類,上市 (TWSE)
2438,翔耀,普通股,資訊服務業,電子科技類,上市 (TWSE)
2439,美律,普通股,其他電子業,電子科技類,上市 (TWSE)
2440,太空梭,普通股,金融保險業,金融保險類,上市 (TWSE)
2441,超豐,普通股,電子零組件業,電子科技類,上市 (TWSE)
2442,新美齊,普通股,觀光餐旅,傳統產業類,上市 (TWSE)
2444,兆勁,普通股,其他電子業,電子科技類,上市 (TWSE)
2449,京元電子,普通股,電子零組件業,電子科技類,上市 (TWSE)
2450,神腦,普通股,其他電子業,電子科技類,上市 (TWSE)
2451,創見,普通股,電子零組件業,電子科技類,上市 (TWSE)
2453,凌群,普通股,運動休閒,傳統產業類,上市 (TWSE)
2454,聯發科,普通股,電子零組件業,電子科技類,上市 (TWSE)
2455,全新,普通股,其他電子業,電子科技類,上市 (TWSE)
2457,飛宏,普通股,金融保險業,金融保險類,上市 (TWSE)
2458,義隆,普通股,電子零組件業,電子科技類,上市 (TWSE)
2459,敦吉,普通股,居家生活,傳統產業類,上市 (TWSE)
2460,建通,普通股,金融保險業,金融保險類,上市 (TWSE)
2461,光群雷,普通股,居家生活,傳統產業類,上市 (TWSE)
2462,良得電,普通股,金融保險業,金融保險類,上市 (TWSE)
2464,盟立,普通股,居家生活,傳統產業類,上市 (TWSE)
2465,麗臺,普通股,電子通路業,電子科技類,上市 (TWSE)
2466,冠西電,普通股,資訊服務業,電子科技類,上市 (TWSE)
2467,志聖,普通股,金融保險業,金融保險類,上市 (TWSE)
2468,華經,普通股,運動休閒,傳統產業類,上市 (TWSE)
2471,資通,普通股,運動休閒,傳統產業類,上市 (TWSE)
2472,立隆電,普通股,金融保險業,金融保險類,上市 (TWSE)
2474,可成,普通股,居家生活,傳統產業類,上市 (TWSE)
2476,鉅祥,普通股,金融保險業,金融保險類,上市 (TWSE)
2477,美隆電,普通股,居家生活,傳統產業類,上市 (TWSE)
2478,大毅,普通股,金融保險業,金融保險類,上市 (TWSE)
2480,敦陽科,普通股,運動休閒,傳統產業類,上市 (TWSE)
2481,強茂,普通股,電子零組件業,電子科技類,上市 (TWSE)
2482,連宇,普通股,居家生活,傳統產業類,上市 (TWSE)
2483,百容,普通股,金融保險業,金融保險類,上市 (TWSE)
2484,希華,普通股,金融保險業,金融保險類,上市 (TWSE)
2485,兆赫,普通股,其他電子業,電子科技類,上市 (TWSE)
2486,一詮,普通股,資訊服務業,電子科技類,上市 (TWSE)
2488,漢平,普通股,居家生活,傳統產業類,上市 (TWSE)
2489,瑞軒,普通股,資訊服務業,電子科技類,上市 (TWSE)
2491,吉祥全,普通股,資訊服務業,電子科技類,上市 (TWSE)
2492,華新科,普通股,金融保險業,金融保險類,上市 (TWSE)
2493,揚博,普通股,金融保險業,金融保險類,上市 (TWSE)
2495,普安,普通股,電子通路業,電子科技類,上市 (TWSE)
2496,卓越,普通股,半導體業,電子科技類,上市 (TWSE)
2497,怡利電,普通股,建材營造,傳統產業類,上市 (TWSE)
2498,宏達電,普通股,其他電子業,電子科技類,上市 (TWSE)
2501,國建,普通股,觀光餐旅,傳統產業類,上市 (TWSE)
2504,國產,普通股,觀光餐旅,傳統產業類,上市 (TWSE)
2505,國揚,普通股,觀光餐旅,傳統產業類,上市 (TWSE)
2506,太設,普通股,觀光餐旅,傳統產業類,上市 (TWSE)
2509,全坤建,普通股,觀光餐旅,傳統產業類,上市 (TWSE)
2511,太子,普通股,觀光餐旅,傳統產業類,上市 (TWSE)
2514,龍邦,普通股,半導體業,電子科技類,上市 (TWSE)
2515,中工,普通股,觀光餐旅,傳統產業類,上市 (TWSE)
2516,新建,普通股,觀光餐旅,傳統產業類,上市 (TWSE)
2520,冠德,普通股,觀光餐旅,傳統產業類,上市 (TWSE)
2524,京城,普通股,觀光餐旅,傳統產業類,上市 (TWSE)
2527,宏璟,普通股,觀光餐旅,傳統產業類,上市 (TWSE)
2528,皇普,普通股,觀光餐旅,傳統產業類,上市 (TWSE)
2530,華建,普通股,觀光餐旅,傳統產業類,上市 (TWSE)
2534,宏盛,普通股,觀光餐旅,傳統產業類,上市 (TWSE)
2535,達欣工,普通股,觀光餐旅,傳統產業類,上市 (TWSE)
2536,宏普,普通股,觀光餐旅,傳統產業類,上市 (TWSE)
2537,聯上發,普通股,觀光餐旅,傳統產業類,上市 (TWSE)
2538,基泰,普通股,觀光餐旅,傳統產業類,上市 (TWSE)
2539,櫻花建,普通股,觀光餐旅,傳統產業類,上市 (TWSE)
2540,愛山林,普通股,觀光餐旅,傳統產業類,上市 (TWSE)
2542,興富發,普通股,觀光餐旅,傳統產業類,上市 (TWSE)
2543,皇昌,普通股,觀光餐旅,傳統產業類,上市 (TWSE)
2545,皇翔,普通股,觀光餐旅,傳統產業類,上市 (TWSE)
2546,根基,普通股,觀光餐旅,傳統產業類,上市 (TWSE)
2547,日勝生,普通股,觀光餐旅,傳統產業類,上市 (TWSE)
2548,華固,普通股,觀光餐旅,傳統產業類,上市 (TWSE)
2596,綠意,普通股,觀光餐旅,傳統產業類,上櫃 (TPEx)
2597,潤弘,普通股,觀光餐旅,傳統產業類,上市 (TWSE)
2601,益航,普通股,貿易百貨業,傳統產業類,上市 (TWSE)
2603,長榮,普通股,貿易百貨業,傳統產業類,上市 (TWSE)
2605,新興,普通股,貿易百貨業,傳統產業類,上市 (TWSE)
2606,裕民,普通股,貿易百貨業,傳統產業類,上市 (TWSE)
2607,榮運,普通股,貿易百貨業,傳統產業類,上市 (TWSE)
2608,嘉里大榮,普通股,貿易百貨業,傳統產業類,上市 (TWSE)
2609,陽明,普通股,貿易百貨業,傳統產業類,上市 (TWSE)
2610,華航,普通股,貿易百貨業,傳統產業類,上市 (TWSE)
2611,志信,普通股,貿易百貨業,傳統產業類,上市 (TWSE)
2612,中航,普通股,貿易百貨業,傳統產業類,上市 (TWSE)
2613,中櫃,普通股,貿易百貨業,傳統產業類,上市 (TWSE)
2614,東森,普通股,半導體業,電子科技類,上市 (TWSE)
2615,萬海,普通股,貿易百貨業,傳統產業類,上市 (TWSE)
2616,山隆,普通股,通信網路業,電子科技類,上市 (TWSE)
2617,台航,普通股,貿易百貨業,傳統產業類,上市 (TWSE)
2618,長榮航,普通股,貿易百貨業,傳統產業類,上市 (TWSE)
2630,亞航,普通股,貿易百貨業,傳統產業類,上市 (TWSE)
2633,台灣高鐵,普通股,貿易百貨業,傳統產業類,上市 (TWSE)
2634,漢翔,普通股,貿易百貨業,傳統產業類,上市 (TWSE)
2636,台驊控股,普通股,貿易百貨業,傳統產業類,上市 (TWSE)
2637,慧洋-KY,普通股,貿易百貨業,傳統產業類,上市 (TWSE)
2640,大車隊,普通股,未分類,其他/未分類,上櫃 (TPEx)
2641,正德,普通股,貿易百貨業,傳統產業類,上櫃 (TPEx)
2642,宅配通,普通股,貿易百貨業,傳統產業類,上市 (TWSE)
2643,捷迅,普通股,貿易百貨業,傳統產業類,上櫃 (TPEx)
2644,中信造船,普通股,貿易百貨業,傳統產業類,興櫃 (ESM)
2645,長榮航太,普通股,貿易百貨業,傳統產業類,上市 (TWSE)
2646,星宇航空,普通股,貿易百貨業,傳統產業類,上市 (TWSE)
2701,萬企,普通股,油電燃氣業,傳統產業類,上市 (TWSE)
2702,華園,普通股,油電燃氣業,傳統產業類,上市 (TWSE)
2704,國賓,普通股,油電燃氣業,傳統產業類,上市 (TWSE)
2705,六福,普通股,油電燃氣業,傳統產業類,上市 (TWSE)
2706,第一店,普通股,油電燃氣業,傳統產業類,上市 (TWSE)
2707,晶華,普通股,油電燃氣業,傳統產業類,上市 (TWSE)
2712,遠雄來,普通股,油電燃氣業,傳統產業類,上市 (TWSE)
2718,全心投控,普通股,觀光餐旅,傳統產業類,上櫃 (TPEx)
2719,燦星旅,普通股,油電燃氣業,傳統產業類,上櫃 (TPEx)
2722,夏都,普通股,油電燃氣業,傳統產業類,上市 (TWSE)
2723,美食-KY,普通股,油電燃氣業,傳統產業類,上市 (TWSE)
2724,藝舍-KY,普通股,半導體業,電子科技類,上櫃 (TPEx)
2726,雅茗-KY,普通股,油電燃氣業,傳統產業類,上櫃 (TPEx)
2727,王品,普通股,油電燃氣業,傳統產業類,上市 (TWSE)
2729,瓦城,普通股,油電燃氣業,傳統產業類,上櫃 (TPEx)
2731,雄獅,普通股,油電燃氣業,傳統產業類,上市 (TWSE)
2732,六角,普通股,油電燃氣業,傳統產業類,上櫃 (TPEx)
2733,維格餅家,普通股,油電燃氣業,傳統產業類,興櫃 (ESM)
2734,易飛網,普通股,油電燃氣業,傳統產業類,上櫃 (TPEx)
2736,富野,普通股,油電燃氣業,傳統產業類,上櫃 (TPEx)
2739,寒舍,普通股,油電燃氣業,傳統產業類,上市 (TWSE)
2740,華軒,普通股,油電燃氣業,傳統產業類,上櫃 (TPEx)
2741,老四川,普通股,油電燃氣業,傳統產業類,興櫃 (ESM)
2743,山富,普通股,油電燃氣業,傳統產業類,上櫃 (TPEx)
2745,五福,普通股,油電燃氣業,傳統產業類,上櫃 (TPEx)
2748,雲品,普通股,油電燃氣業,傳統產業類,上市 (TWSE)
2751,王座,普通股,油電燃氣業,傳統產業類,上櫃 (TPEx)
2752,豆府,普通股,油電燃氣業,傳統產業類,上櫃 (TPEx)
2753,八方雲集,普通股,油電燃氣業,傳統產業類,上市 (TWSE)
2754,亞洲藏壽司,普通股,油電燃氣業,傳統產業類,上櫃 (TPEx)
2755,揚秦,普通股,油電燃氣業,傳統產業類,上櫃 (TPEx)
2756,聯發國際,普通股,油電燃氣業,傳統產業類,上櫃 (TPEx)
2758,路易莎咖啡,普通股,油電燃氣業,傳統產業類,興櫃 (ESM)
2760,巨宇翔,普通股,油電燃氣業,傳統產業類,興櫃 (ESM)
2761,橘焱胡同,普通股,油電燃氣業,傳統產業類,興櫃 (ESM)
2762,世界健身-KY,普通股,未分類,其他/未分類,上市 (TWSE)
2801,彰銀,普通股,化學工業,傳統產業類,上市 (TWSE)
2812,台中銀,普通股,化學工業,傳統產業類,上市 (TWSE)
2816,旺旺保,普通股,化學工業,傳統產業類,上市 (TWSE)
2820,華票,普通股,化學工業,傳統產業類,上市 (TWSE)
2832,台產,普通股,化學工業,傳統產業類,上市 (TWSE)
2834,臺企銀,普通股,化學工業,傳統產業類,上市 (TWSE)
2836,高雄銀,普通股,化學工業,傳統產業類,上市 (TWSE)
2838,聯邦銀,普通股,化學工業,傳統產業類,上市 (TWSE)
2845,遠東銀,普通股,化學工業,傳統產業類,上市 (TWSE)
2849,安泰銀,普通股,化學工業,傳統產業類,上市 (TWSE)
2850,新產,普通股,化學工業,傳統產業類,上市 (TWSE)
2851,中再保,普通股,化學工業,傳統產業類,上市 (TWSE)
2852,第一保,普通股,化學工業,傳統產業類,上市 (TWSE)
2855,統一證,普通股,化學工業,傳統產業類,上市 (TWSE)
2867,三商壽,普通股,化學工業,傳統產業類,上市 (TWSE)
2880,華南金,普通股,化學工業,傳統產業類,上市 (TWSE)
2881,富邦金,普通股,化學工業,傳統產業類,上市 (TWSE)
2882,國泰金,普通股,化學工業,傳統產業類,上市 (TWSE)
2883,凱基金,普通股,化學工業,傳統產業類,上市 (TWSE)
2884,玉山金,普通股,化學工業,傳統產業類,上市 (TWSE)
2885,元大金,普通股,化學工業,傳統產業類,上市 (TWSE)
2886,兆豐金,普通股,化學工業,傳統產業類,上市 (TWSE)
2887,台新新光金,普通股,化學工業,傳統產業類,上市 (TWSE)
2889,國票金,普通股,化學工業,傳統產業類,上市 (TWSE)
2890,永豐金,普通股,化學工業,傳統產業類,上市 (TWSE)
2891,中信金,普通股,化學工業,傳統產業類,上市 (TWSE)
2892,第一金,普通股,化學工業,傳統產業類,上市 (TWSE)
2897,王道銀行,普通股,化學工業,傳統產業類,上市 (TWSE)
2901,欣欣,普通股,生技醫療業,生技醫療類,上市 (TWSE)
2903,遠百,普通股,生技醫療業,生技醫療類,上市 (TWSE)
2904,匯僑,普通股,半導體業,電子科技類,上市 (TWSE)
2905,三商,普通股,生技醫療業,生技醫療類,上市 (TWSE)
2906,高林,普通股,生技醫療業,生技醫療類,上市 (TWSE)
2908,特力,普通股,生技醫療業,生技醫療類,上市 (TWSE)
2910,統領,普通股,生技醫療業,生技醫療類,上市 (TWSE)
2911,麗嬰房,普通股,生技醫療業,生技醫療類,上市 (TWSE)
2912,統一超,普通股,生技醫療業,生技醫療類,上市 (TWSE)
2913,農林,普通股,生技醫療業,生技醫療類,上市 (TWSE)
2915,潤泰全,普通股,生技醫療業,生技醫療類,上市 (TWSE)
2916,滿心,普通股,未分類,其他/未分類,上櫃 (TPEx)
2923,鼎固-KY,普通股,觀光餐旅,傳統產業類,上市 (TWSE)
2924,宏太-KY,普通股,未分類,其他/未分類,上櫃 (TPEx)
2926,誠品生活,普通股,綜合,傳統產業類,上櫃 (TPEx)
2929,淘帝-KY,普通股,生技醫療業,生技醫療類,上市 (TWSE)
2937,集雅社,普通股,未分類,其他/未分類,上櫃 (TPEx)
2938,床的世界,普通股,未分類,其他/未分類,興櫃 (ESM)
2939,永邑-KY,普通股,生技醫療業,生技醫療類,上市 (TWSE)
2940,歐都納,普通股,未分類,其他/未分類,興櫃 (ESM)
2941,米斯特,普通股,未分類,其他/未分類,上櫃 (TPEx)
2942,京站,普通股,未分類,其他/未分類,興櫃 (ESM)
2945,三商家購,普通股,生技醫療業,生技醫療類,上市 (TWSE)
2947,振宇五金,普通股,未分類,其他/未分類,上櫃 (TPEx)
2948,寶陞,普通股,未分類,其他/未分類,上櫃 (TPEx)
2949,欣新網,普通股,未分類,其他/未分類,上櫃 (TPEx)
3002,歐格,普通股,電子通路業,電子科技類,上市 (TWSE)
3003,健和興,普通股,金融保險業,金融保險類,上市 (TWSE)
3004,豐達科,普通股,橡膠工業,傳統產業類,上市 (TWSE)
3005,神基,普通股,電子通路業,電子科技類,上市 (TWSE)
3006,晶豪科,普通股,電子零組件業,電子科技類,上市 (TWSE)
3008,大立光,普通股,資訊服務業,電子科技類,上市 (TWSE)
3010,華立,普通股,貿易百貨業,傳統產業類,上市 (TWSE)
3011,今皓,普通股,金融保險業,金融保險類,上市 (TWSE)
3013,晟銘電,普通股,電子通路業,電子科技類,上市 (TWSE)
3014,聯陽,普通股,電子零組件業,電子科技類,上市 (TWSE)
3015,全漢,普通股,金融保險業,金融保險類,上市 (TWSE)
3016,嘉晶,普通股,電子零組件業,電子科技類,上市 (TWSE)
3017,奇鋐,普通股,電子通路業,電子科技類,上市 (TWSE)
3018,隆銘綠能,普通股,居家生活,傳統產業類,上市 (TWSE)
3019,亞光,普通股,資訊服務業,電子科技類,上市 (TWSE)
3021,鴻名,普通股,金融保險業,金融保險類,上市 (TWSE)
3022,威強電,普通股,電子通路業,電子科技類,上市 (TWSE)
3023,信邦,普通股,金融保險業,金融保險類,上市 (TWSE)
3024,憶聲,普通股,資訊服務業,電子科技類,上市 (TWSE)
3025,星通,普通股,其他電子業,電子科技類,上市 (TWSE)
3026,禾伸堂,普通股,金融保險業,金融保險類,上市 (TWSE)
3027,盛達,普通股,其他電子業,電子科技類,上市 (TWSE)
3028,增你強,普通股,貿易百貨業,傳統產業類,上市 (TWSE)
3029,零壹,普通股,運動休閒,傳統產業類,上市 (TWSE)
3030,德律,普通股,居家生活,傳統產業類,上市 (TWSE)
3031,佰鴻,普通股,資訊服務業,電子科技類,上市 (TWSE)
3032,偉訓,普通股,金融保險業,金融保險類,上市 (TWSE)
3033,威健,普通股,貿易百貨業,傳統產業類,上市 (TWSE)
3034,聯詠,普通股,電子零組件業,電子科技類,上市 (TWSE)
3035,智原,普通股,電子零組件業,電子科技類,上市 (TWSE)
3036,文曄,普通股,貿易百貨業,傳統產業類,上市 (TWSE)
3037,欣興,普通股,金融保險業,金融保險類,上市 (TWSE)
3038,全台,普通股,資訊服務業,電子科技類,上市 (TWSE)
3040,遠見,普通股,半導體業,電子科技類,上市 (TWSE)
3041,揚智,普通股,電子零組件業,電子科技類,上市 (TWSE)
3042,晶技,普通股,金融保險業,金融保險類,上市 (TWSE)
3043,科風,普通股,居家生活,傳統產業類,上市 (TWSE)
3044,健鼎,普通股,金融保險業,金融保險類,上市 (TWSE)
3045,台灣大,普通股,其他電子業,電子科技類,上市 (TWSE)
3046,建碁,普通股,電子通路業,電子科技類,上市 (TWSE)
3047,訊舟,普通股,其他電子業,電子科技類,上市 (TWSE)
3048,益登,普通股,貿易百貨業,傳統產業類,上市 (TWSE)
3049,精金,普通股,資訊服務業,電子科技類,上市 (TWSE)
3050,鈺德,普通股,資訊服務業,電子科技類,上市 (TWSE)
3051,力特,普通股,資訊服務業,電子科技類,上市 (TWSE)
3052,夆典,普通股,觀光餐旅,傳統產業類,上市 (TWSE)
3054,立萬利,普通股,食品工業,傳統產業類,上市 (TWSE)
3055,蔚華科,普通股,貿易百貨業,傳統產業類,上市 (TWSE)
3056,富華新,普通股,觀光餐旅,傳統產業類,上市 (TWSE)
3057,喬鼎,普通股,電子通路業,電子科技類,上市 (TWSE)
3058,立德,普通股,金融保險業,金融保險類,上市 (TWSE)
3059,華晶科,普通股,資訊服務業,電子科技類,上市 (TWSE)
3060,銘異,普通股,電子通路業,電子科技類,上市 (TWSE)
3062,建漢,普通股,其他電子業,電子科技類,上市 (TWSE)
3064,泰偉,普通股,綜合,傳統產業類,上櫃 (TPEx)
3066,李洲,普通股,資訊服務業,電子科技類,上櫃 (TPEx)
3067,全域,普通股,未分類,其他/未分類,上櫃 (TPEx)
3071,協禧,普通股,電子通路業,電子科技類,上櫃 (TPEx)
3073,天方能源,普通股,綠能環保,政策綠能類,上櫃 (TPEx)
3078,僑威,普通股,金融保險業,金融保險類,上櫃 (TPEx)
3081,聯亞,普通股,其他電子業,電子科技類,上櫃 (TPEx)
3083,網龍,普通股,綜合,傳統產業類,上櫃 (TPEx)
3085,新零售,普通股,未分類,其他/未分類,上櫃 (TPEx)
3086,華義*,普通股,綜合,傳統產業類,上櫃 (TPEx)
3088,艾訊,普通股,電子通路業,電子科技類,上櫃 (TPEx)
3090,日電貿,普通股,金融保險業,金融保險類,上市 (TWSE)
3092,鴻碩,普通股,金融保險業,金融保險類,上市 (TWSE)
3093,港建*,普通股,居家生活,傳統產業類,上櫃 (TPEx)
3094,聯傑,普通股,電子零組件業,電子科技類,上市 (TWSE)
3095,及成,普通股,其他電子業,電子科技類,上櫃 (TPEx)
3097,拍檔,普通股,電子通路業,電子科技類,興櫃 (ESM)
3105,穩懋,普通股,電子零組件業,電子科技類,上櫃 (TPEx)
3114,好德,普通股,金融保險業,金融保險類,上櫃 (TPEx)
3115,富榮綱,普通股,金融保險業,金融保險類,上櫃 (TPEx)
3117,年程,普通股,金融保險業,金融保險類,興櫃 (ESM)
3118,進階,普通股,光電業,電子科技類,上櫃 (TPEx)
3122,笙泉,普通股,電子零組件業,電子科技類,上櫃 (TPEx)
3128,昇銳,普通股,資訊服務業,電子科技類,上櫃 (TPEx)
3130,一零四,普通股,未分類,其他/未分類,上市 (TWSE)
3131,弘塑,普通股,電子零組件業,電子科技類,上櫃 (TPEx)
3135,凌航,普通股,電子零組件業,電子科技類,上市 (TWSE)
3138,耀登,普通股,其他電子業,電子科技類,上市 (TWSE)
3141,晶宏,普通股,電子零組件業,電子科技類,上櫃 (TPEx)
3147,大綜,普通股,運動休閒,傳統產業類,上櫃 (TPEx)
3149,正達,普通股,資訊服務業,電子科技類,上市 (TWSE)
3150,鈺寶-創,普通股,電子零組件業,電子科技類,上市 (TWSE)
3152,璟德,普通股,其他電子業,電子科技類,上櫃 (TPEx)
3158,嘉實,普通股,運動休閒,傳統產業類,上櫃 (TPEx)
3162,精確,普通股,電機機械,傳統產業類,上櫃 (TPEx)
3163,波若威,普通股,其他電子業,電子科技類,上櫃 (TPEx)
3164,景岳,普通股,光電業,電子科技類,上市 (TWSE)
3167,大量,普通股,電機機械,傳統產業類,上市 (TWSE)
3168,眾福科,普通股,資訊服務業,電子科技類,上市 (TWSE)
3169,亞信,普通股,電子零組件業,電子科技類,上櫃 (TPEx)
3171,炎洲流通,普通股,未分類,其他/未分類,上櫃 (TPEx)
3176,基亞,普通股,光電業,電子科技類,上櫃 (TPEx)
3178,公準,普通股,電子零組件業,電子科技類,上櫃 (TPEx)
3184,微邦,普通股,光電業,電子科技類,興櫃 (ESM)
3188,鑫龍騰,普通股,觀光餐旅,傳統產業類,上櫃 (TPEx)
3189,景碩,普通股,電子零組件業,電子科技類,上市 (TWSE)
3191,雲嘉南,普通股,金融保險業,金融保險類,上櫃 (TPEx)
3205,佰研,普通股,光電業,電子科技類,上櫃 (TPEx)
3206,志豐,普通股,金融保險業,金融保險類,上櫃 (TPEx)
3207,耀勝,普通股,金融保險業,金融保險類,上櫃 (TPEx)
3209,全科,普通股,貿易百貨業,傳統產業類,上市 (TWSE)
3211,順達,普通股,電子通路業,電子科技類,上櫃 (TPEx)
3213,茂訊,普通股,電子通路業,電子科技類,上櫃 (TPEx)
3217,優群,普通股,金融保險業,金融保險類,上櫃 (TPEx)
3218,大學光,普通股,光電業,電子科技類,上櫃 (TPEx)
3219,倚強科,普通股,居家生活,傳統產業類,上櫃 (TPEx)
3221,台嘉碩,普通股,其他電子業,電子科技類,上櫃 (TPEx)
3224,三顧,普通股,貿易百貨業,傳統產業類,上櫃 (TPEx)
3226,龍鋒,普通股,電機機械,傳統產業類,上櫃 (TPEx)
3227,原相,普通股,電子零組件業,電子科技類,上櫃 (TPEx)
3228,金麗科,普通股,電子零組件業,電子科技類,上櫃 (TPEx)
3229,晟鈦,普通股,金融保險業,金融保險類,上市 (TWSE)
3230,錦明,普通股,資訊服務業,電子科技類,上櫃 (TPEx)
3231,緯創,普通股,電子通路業,電子科技類,上市 (TWSE)
3232,昱捷,普通股,貿易百貨業,傳統產業類,上櫃 (TPEx)
3234,光環,普通股,其他電子業,電子科技類,上櫃 (TPEx)
3236,千如,普通股,金融保險業,金融保險類,上櫃 (TPEx)
3252,海灣,普通股,油電燃氣業,傳統產業類,上櫃 (TPEx)
3257,虹冠電,普通股,電子零組件業,電子科技類,上市 (TWSE)
3259,鑫創,普通股,電子零組件業,電子科技類,上櫃 (TPEx)
3260,威剛,普通股,電子零組件業,電子科技類,上櫃 (TPEx)
3264,欣銓,普通股,電子零組件業,電子科技類,上櫃 (TPEx)
3265,台星科,普通股,電子零組件業,電子科技類,上櫃 (TPEx)
3266,昇陽,普通股,觀光餐旅,傳統產業類,上市 (TWSE)
3268,海德威,普通股,電子零組件業,電子科技類,上櫃 (TPEx)
3272,東碩,普通股,電子通路業,電子科技類,上櫃 (TPEx)
3276,宇環,普通股,金融保險業,金融保險類,上櫃 (TPEx)
3284,太普高,普通股,半導體業,電子科技類,上櫃 (TPEx)
3285,微端,普通股,居家生活,傳統產業類,上櫃 (TPEx)
3287,廣寰科,普通股,電子通路業,電子科技類,上櫃 (TPEx)
3288,點晶,普通股,金融保險業,金融保險類,上櫃 (TPEx)
3289,宜特,普通股,居家生活,傳統產業類,上櫃 (TPEx)
3290,東浦,普通股,金融保險業,金融保險類,上櫃 (TPEx)
3293,鈊象,普通股,綜合,傳統產業類,上櫃 (TPEx)
3294,英濟,普通股,金融保險業,金融保險類,上櫃 (TPEx)
3296,勝德,普通股,金融保險業,金融保險類,上市 (TWSE)
3297,杭特,普通股,資訊服務業,電子科技類,上櫃 (TPEx)
3303,岱稜,普通股,居家生活,傳統產業類,上櫃 (TPEx)
3305,昇貿,普通股,居家生活,傳統產業類,上市 (TWSE)
3306,鼎天,普通股,其他電子業,電子科技類,上櫃 (TPEx)
3308,聯德,普通股,金融保險業,金融保險類,上市 (TWSE)
3310,佳穎,普通股,金融保險業,金融保險類,上櫃 (TPEx)
3311,閎暉,普通股,其他電子業,電子科技類,上市 (TWSE)
3312,弘憶股,普通股,貿易百貨業,傳統產業類,上市 (TWSE)
3313,斐成,普通股,觀光餐旅,傳統產業類,上櫃 (TPEx)
3317,尼克森,普通股,電子零組件業,電子科技類,上櫃 (TPEx)
3321,同泰,普通股,金融保險業,金融保險類,上市 (TWSE)
3322,建舜電,普通股,金融保險業,金融保險類,上櫃 (TPEx)
3323,加百裕,普通股,電子通路業,電子科技類,上櫃 (TPEx)
3324,雙鴻,普通股,居家生活,傳統產業類,上櫃 (TPEx)
3325,旭品,普通股,電子通路業,電子科技類,上櫃 (TPEx)
3332,幸康,普通股,金融保險業,金融保險類,上櫃 (TPEx)
3338,泰碩,普通股,金融保險業,金融保險類,上市 (TWSE)
3339,泰谷,普通股,資訊服務業,電子科技類,上櫃 (TPEx)
3346,麗清,普通股,建材營造,傳統產業類,上市 (TWSE)
3349,寶德,普通股,電子通路業,電子科技類,上櫃 (TPEx)
3354,律勝,普通股,金融保險業,金融保險類,上櫃 (TPEx)
3356,奇偶,普通股,資訊服務業,電子科技類,上市 (TWSE)
3357,臺慶科,普通股,金融保險業,金融保險類,上櫃 (TPEx)
3360,尚立,普通股,貿易百貨業,傳統產業類,上櫃 (TPEx)
3362,先進光,普通股,資訊服務業,電子科技類,上櫃 (TPEx)
3363,上詮,普通股,其他電子業,電子科技類,上櫃 (TPEx)
3372,典範,普通股,電子零組件業,電子科技類,上櫃 (TPEx)
3373,熱映,普通股,居家生活,傳統產業類,上櫃 (TPEx)
3374,精材,普通股,電子零組件業,電子科技類,上櫃 (TPEx)
3376,新日興,普通股,金融保險業,金融保險類,上市 (TWSE)
3379,彬台,普通股,電機機械,傳統產業類,上櫃 (TPEx)
3380,明泰,普通股,其他電子業,電子科技類,上市 (TWSE)
3388,崇越電,普通股,金融保險業,金融保險類,上櫃 (TPEx)
3390,旭軟,普通股,金融保險業,金融保險類,上櫃 (TPEx)
3402,漢科,普通股,居家生活,傳統產業類,上櫃 (TPEx)
3406,玉晶光,普通股,資訊服務業,電子科技類,上市 (TWSE)
3413,京鼎,普通股,電子零組件業,電子科技類,上市 (TWSE)
3416,融程電,普通股,電子通路業,電子科技類,上市 (TWSE)
3419,譁裕,普通股,其他電子業,電子科技類,上市 (TWSE)
3426,台興,普通股,電機機械,傳統產業類,上櫃 (TPEx)
3430,奇鈦科,普通股,電腦及週邊設備業,電子科技類,上櫃 (TPEx)
3432,台端,普通股,金融保險業,金融保險類,上市 (TWSE)
3434,哲固,普通股,資訊服務業,電子科技類,上櫃 (TPEx)
3437,榮創,普通股,資訊服務業,電子科技類,上市 (TWSE)
3438,類比科,普通股,電子零組件業,電子科技類,上櫃 (TPEx)
3441,聯一光電,普通股,資訊服務業,電子科技類,上櫃 (TPEx)
3443,創意,普通股,電子零組件業,電子科技類,上市 (TWSE)
3444,利機,普通股,貿易百貨業,傳統產業類,上櫃 (TPEx)
3447,展達,普通股,其他電子業,電子科技類,上市 (TWSE)
3450,聯鈞,普通股,電子零組件業,電子科技類,上市 (TWSE)
3455,由田,普通股,資訊服務業,電子科技類,上櫃 (TPEx)
3465,進泰電子,普通股,居家生活,傳統產業類,上櫃 (TPEx)
3466,德晉,普通股,其他電子業,電子科技類,上櫃 (TPEx)
3467,台灣精材,普通股,電子零組件業,電子科技類,上櫃 (TPEx)
3473,智通聯網,普通股,其他電子業,電子科技類,興櫃 (ESM)
3479,安勤,普通股,電子通路業,電子科技類,上櫃 (TPEx)
3481,群創,普通股,資訊服務業,電子科技類,上市 (TWSE)
3483,力致,普通股,電子通路業,電子科技類,上櫃 (TPEx)
3484,崧騰,普通股,金融保險業,金融保險類,上櫃 (TPEx)
3485,敘豐,普通股,金融保險業,金融保險類,上櫃 (TPEx)
3489,森寶,普通股,觀光餐旅,傳統產業類,上櫃 (TPEx)
3490,單井,普通股,資訊服務業,電子科技類,上櫃 (TPEx)
3491,昇達科,普通股,其他電子業,電子科技類,上櫃 (TPEx)
3492,長盛,普通股,金融保險業,金融保險類,上櫃 (TPEx)
3494,誠研,普通股,電子通路業,電子科技類,上市 (TWSE)
3498,陽程,普通股,居家生活,傳統產業類,上櫃 (TPEx)
3499,環天科,普通股,其他電子業,電子科技類,上櫃 (TPEx)
3501,維熹,普通股,金融保險業,金融保險類,上市 (TWSE)
3504,揚明光,普通股,資訊服務業,電子科技類,上市 (TWSE)
3508,位速,普通股,居家生活,傳統產業類,上櫃 (TPEx)
3511,矽瑪,普通股,金融保險業,金融保險類,上櫃 (TPEx)
3512,皇龍,普通股,觀光餐旅,傳統產業類,上櫃 (TPEx)
3515,華擎,普通股,電子通路業,電子科技類,上市 (TWSE)
3516,亞帝歐,普通股,資訊服務業,電子科技類,上櫃 (TPEx)
3518,柏騰,普通股,居家生活,傳統產業類,上市 (TWSE)
3520,華盈,普通股,金融保險業,金融保險類,上櫃 (TPEx)
3521,台鋼建設,普通股,觀光餐旅,傳統產業類,上櫃 (TPEx)
3522,御嵿,普通股,油電燃氣業,傳統產業類,上櫃 (TPEx)
3523,迎輝,普通股,資訊服務業,電子科技類,上櫃 (TPEx)
3526,凡甲,普通股,金融保險業,金融保險類,上櫃 (TPEx)
3527,聚積,普通股,電子零組件業,電子科技類,上櫃 (TPEx)
3528,安馳,普通股,貿易百貨業,傳統產業類,上市 (TWSE)
3529,力旺,普通股,電子零組件業,電子科技類,上櫃 (TPEx)
3530,晶相光,普通股,電子零組件業,電子科技類,上市 (TWSE)
3531,先益,普通股,資訊服務業,電子科技類,上櫃 (TPEx)
3532,台勝科,普通股,電子零組件業,電子科技類,上市 (TWSE)
3533,嘉澤,普通股,金融保險業,金融保險類,上市 (TWSE)
3535,晶彩科,普通股,資訊服務業,電子科技類,上市 (TWSE)
3537,堡達,普通股,金融保險業,金融保險類,上櫃 (TPEx)
3540,曜越,普通股,電子通路業,電子科技類,上櫃 (TPEx)
3541,西柏,普通股,居家生活,傳統產業類,上櫃 (TPEx)
3543,州巧,普通股,資訊服務業,電子科技類,上市 (TWSE)
3545,敦泰,普通股,電子零組件業,電子科技類,上市 (TWSE)
3546,宇峻,普通股,綜合,傳統產業類,上櫃 (TPEx)
3548,兆利,普通股,金融保險業,金融保險類,上櫃 (TPEx)
3550,聯穎,普通股,金融保險業,金融保險類,上市 (TWSE)
3551,世禾,普通股,綠能環保,政策綠能類,上櫃 (TPEx)
3552,同致,普通股,居家生活,傳統產業類,上櫃 (TPEx)
3555,博士旺,普通股,電子零組件業,電子科技類,上櫃 (TPEx)
3556,禾瑞亞,普通股,電子零組件業,電子科技類,上櫃 (TPEx)
3557,嘉威,普通股,未分類,其他/未分類,上市 (TWSE)
3558,神準,普通股,其他電子業,電子科技類,上櫃 (TPEx)
3563,牧德,普通股,資訊服務業,電子科技類,上市 (TWSE)
3564,其陽,普通股,其他電子業,電子科技類,上櫃 (TPEx)
3567,逸昌,普通股,電子零組件業,電子科技類,上櫃 (TPEx)
3570,大塚,普通股,運動休閒,傳統產業類,上櫃 (TPEx)
3576,聯合再生,普通股,資訊服務業,電子科技類,上市 (TWSE)
3577,泓格,普通股,電子通路業,電子科技類,上櫃 (TPEx)
3580,友威科,普通股,居家生活,傳統產業類,上櫃 (TPEx)
3581,博磊,普通股,電子零組件業,電子科技類,上櫃 (TPEx)
3583,辛耘,普通股,電子零組件業,電子科技類,上市 (TWSE)
3585,聯致,普通股,金融保險業,金融保險類,興櫃 (ESM)
3587,閎康,普通股,居家生活,傳統產業類,上櫃 (TPEx)
3588,通嘉,普通股,電子零組件業,電子科技類,上市 (TWSE)
3591,艾笛森,普通股,資訊服務業,電子科技類,上市 (TWSE)
3592,瑞鼎,普通股,電子零組件業,電子科技類,上市 (TWSE)
3593,力銘,普通股,金融保險業,金融保險類,上市 (TWSE)
3594,磐儀,普通股,電子通路業,電子科技類,上櫃 (TPEx)
3595,山太士,普通股,資訊服務業,電子科技類,興櫃 (ESM)
3596,智易,普通股,其他電子業,電子科技類,上市 (TWSE)
3597,映興,普通股,金融保險業,金融保險類,上櫃 (TPEx)
3603,建祥國際,普通股,貿易百貨業,傳統產業類,興櫃 (ESM)
3605,宏致,普通股,金融保險業,金融保險類,上市 (TWSE)
3607,谷崧,普通股,金融保險業,金融保險類,上市 (TWSE)
3609,三一東林,普通股,金融保險業,金融保險類,上櫃 (TPEx)
3611,鼎翰,普通股,電子通路業,電子科技類,上櫃 (TPEx)
3615,安可,普通股,資訊服務業,電子科技類,上櫃 (TPEx)
3617,碩天,普通股,居家生活,傳統產業類,上市 (TWSE)
3622,洋華,普通股,資訊服務業,電子科技類,上市 (TWSE)
3623,富晶通,普通股,資訊服務業,電子科技類,上櫃 (TPEx)
3624,光頡,普通股,金融保險業,金融保險類,上櫃 (TPEx)
3625,西勝,普通股,電子通路業,電子科技類,上櫃 (TPEx)
3628,盈正,普通股,居家生活,傳統產業類,上櫃 (TPEx)
3629,地心引力,普通股,綜合,傳統產業類,上櫃 (TPEx)
3630,新鉅科,普通股,資訊服務業,電子科技類,上櫃 (TPEx)
3631,晟楠,普通股,金融保險業,金融保險類,上櫃 (TPEx)
3632,研勤,普通股,其他電子業,電子科技類,上櫃 (TPEx)
3633,云光,普通股,資訊服務業,電子科技類,興櫃 (ESM)
3645,達邁,普通股,金融保險業,金融保險類,上市 (TWSE)
3646,艾恩特,普通股,金融保險業,金融保險類,上櫃 (TPEx)
3652,精聯,普通股,電子通路業,電子科技類,上市 (TWSE)
3653,健策,普通股,金融保險業,金融保險類,上市 (TWSE)
3659,百辰,普通股,資訊服務業,電子科技類,興櫃 (ESM)
3661,世芯-KY,普通股,電子零組件業,電子科技類,上市 (TWSE)
3663,鑫科,普通股,居家生活,傳統產業類,上櫃 (TPEx)
3664,安瑞-KY,普通股,其他電子業,電子科技類,上櫃 (TPEx)
3665,貿聯-KY,普通股,居家生活,傳統產業類,上市 (TWSE)
3666,光耀,普通股,資訊服務業,電子科技類,上櫃 (TPEx)
3669,圓展,普通股,其他電子業,電子科技類,上市 (TWSE)
3672,康聯訊,普通股,其他電子業,電子科技類,上櫃 (TPEx)
3673,TPK-KY,普通股,資訊服務業,電子科技類,上市 (TWSE)
3675,德微,普通股,電子零組件業,電子科技類,上櫃 (TPEx)
3678,聯享,普通股,資訊服務業,電子科技類,興櫃 (ESM)
3679,新至陞,普通股,金融保險業,金融保險類,上市 (TWSE)
3680,家登,普通股,電子零組件業,電子科技類,上櫃 (TPEx)
3684,榮昌,普通股,其他電子業,電子科技類,上櫃 (TPEx)
3685,元創精密,普通股,電機機械,傳統產業類,上櫃 (TPEx)
3686,達能,普通股,電子零組件業,電子科技類,上市 (TWSE)
3687,歐買尬,普通股,未分類,其他/未分類,上櫃 (TPEx)
3689,湧德,普通股,金融保險業,金融保險類,上櫃 (TPEx)
3691,碩禾,普通股,資訊服務業,電子科技類,上櫃 (TPEx)
3693,營邦,普通股,電子通路業,電子科技類,上櫃 (TPEx)
3694,海華,普通股,其他電子業,電子科技類,上市 (TWSE)
3701,大眾控,普通股,電子通路業,電子科技類,上市 (TWSE)
3702,大聯大,普通股,貿易百貨業,傳統產業類,上市 (TWSE)
3703,欣陸,普通股,觀光餐旅,傳統產業類,上市 (TWSE)
3704,合勤控,普通股,其他電子業,電子科技類,上市 (TWSE)
3705,永信,普通股,光電業,電子科技類,上市 (TWSE)
3706,神達,普通股,電子通路業,電子科技類,上市 (TWSE)
3707,漢磊,普通股,電子零組件業,電子科技類,上櫃 (TPEx)
3708,上緯投控,普通股,綠能環保,政策綠能類,上市 (TWSE)
3709,鑫聯大投控,普通股,電子通路業,電子科技類,上櫃 (TPEx)
3710,連展投控,普通股,金融保險業,金融保險類,上櫃 (TPEx)
3711,日月光投控,普通股,電子零組件業,電子科技類,上市 (TWSE)
3712,永崴投控,普通股,電子通路業,電子科技類,上市 (TWSE)
3713,新晶投控,普通股,綠能環保,政策綠能類,上櫃 (TPEx)
3714,富采,普通股,資訊服務業,電子科技類,上市 (TWSE)
3715,定穎投控,普通股,金融保險業,金融保險類,上市 (TWSE)
3716,中化控股,普通股,光電業,電子科技類,上市 (TWSE)
3717,聯嘉投控,普通股,建材營造,傳統產業類,上市 (TWSE)
4102,永日,普通股,光電業,電子科技類,上櫃 (TPEx)
4104,佳醫,普通股,光電業,電子科技類,上市 (TWSE)
4105,東洋,普通股,光電業,電子科技類,上櫃 (TPEx)
4106,雃博,普通股,光電業,電子科技類,上市 (TWSE)
4107,邦特,普通股,光電業,電子科技類,上櫃 (TPEx)
4108,懷特,普通股,光電業,電子科技類,上市 (TWSE)
4109,加捷生醫,普通股,光電業,電子科技類,上櫃 (TPEx)
4111,濟生,普通股,光電業,電子科技類,上櫃 (TPEx)
4113,聯上,普通股,觀光餐旅,傳統產業類,上櫃 (TPEx)
4114,健喬,普通股,光電業,電子科技類,上櫃 (TPEx)
4115,善德生技,普通股,光電業,電子科技類,興櫃 (ESM)
4116,明基醫,普通股,光電業,電子科技類,上櫃 (TPEx)
4117,普生,普通股,光電業,電子科技類,興櫃 (ESM)
4119,旭富,普通股,光電業,電子科技類,上市 (TWSE)
4120,友華,普通股,光電業,電子科技類,上櫃 (TPEx)
4121,優盛,普通股,光電業,電子科技類,上櫃 (TPEx)
4123,晟德,普通股,光電業,電子科技類,上櫃 (TPEx)
4126,太醫,普通股,光電業,電子科技類,上櫃 (TPEx)
4127,天良,普通股,光電業,電子科技類,上櫃 (TPEx)
4128,中天,普通股,光電業,電子科技類,上櫃 (TPEx)
4129,聯合,普通股,光電業,電子科技類,上櫃 (TPEx)
4130,健亞,普通股,光電業,電子科技類,上櫃 (TPEx)
4131,浩泰,普通股,光電業,電子科技類,上櫃 (TPEx)
4133,亞諾法,普通股,光電業,電子科技類,上市 (TWSE)
4137,麗豐-KY,普通股,光電業,電子科技類,上市 (TWSE)
4138,曜亞,普通股,光電業,電子科技類,上櫃 (TPEx)
4139,馬光-KY,普通股,光電業,電子科技類,上櫃 (TPEx)
4142,國光生,普通股,光電業,電子科技類,上市 (TWSE)
4147,中裕,普通股,光電業,電子科技類,上櫃 (TPEx)
4148,全宇生技-KY,普通股,光電業,電子科技類,上市 (TWSE)
4150,優你康,普通股,光電業,電子科技類,興櫃 (ESM)
4153,鈺緯,普通股,光電業,電子科技類,上櫃 (TPEx)
4154,樂威科-KY,普通股,半導體業,電子科技類,上櫃 (TPEx)
4155,訊映,普通股,光電業,電子科技類,上市 (TWSE)
4157,太景*-KY,普通股,光電業,電子科技類,上櫃 (TPEx)
4160,訊聯基因,普通股,光電業,電子科技類,上櫃 (TPEx)
4161,聿新科,普通股,光電業,電子科技類,上櫃 (TPEx)
4162,智擎,普通股,光電業,電子科技類,上櫃 (TPEx)
4163,鐿鈦,普通股,光電業,電子科技類,上櫃 (TPEx)
4164,承業醫,普通股,光電業,電子科技類,上市 (TWSE)
4166,友霖,普通股,光電業,電子科技類,上櫃 (TPEx)
4167,松瑞藥,普通股,光電業,電子科技類,上櫃 (TPEx)
4168,醣聯,普通股,光電業,電子科技類,上櫃 (TPEx)
4169,泰宗,普通股,光電業,電子科技類,上市 (TWSE)
4170,鑫品生醫,普通股,光電業,電子科技類,興櫃 (ESM)
4171,瑞基,普通股,其他業,傳統產業類,上櫃 (TPEx)
4172,因華,普通股,光電業,電子科技類,興櫃 (ESM)
4173,久裕,普通股,光電業,電子科技類,上櫃 (TPEx)
4174,浩鼎,普通股,光電業,電子科技類,上櫃 (TPEx)
4175,杏一,普通股,光電業,電子科技類,上櫃 (TPEx)
4178,永笙-KY,普通股,光電業,電子科技類,上市 (TWSE)
4183,福永生技,普通股,光電業,電子科技類,上櫃 (TPEx)
4186,尖端醫,普通股,光電業,電子科技類,興櫃 (ESM)
4188,安克,普通股,光電業,電子科技類,上櫃 (TPEx)
4190,佐登-KY,普通股,光電業,電子科技類,上市 (TWSE)
4192,杏國,普通股,光電業,電子科技類,上櫃 (TPEx)
4194,禾生技,普通股,光電業,電子科技類,興櫃 (ESM)
4195,基米-創,普通股,光電業,電子科技類,上市 (TWSE)
4197,暐世,普通股,光電業,電子科技類,興櫃 (ESM)
4198,欣大健康,普通股,光電業,電子科技類,上櫃 (TPEx)
4205,中華食,普通股,食品工業,傳統產業類,上櫃 (TPEx)
4207,環泰,普通股,食品工業,傳統產業類,上櫃 (TPEx)
4303,信立,普通股,塑膠工業,傳統產業類,上櫃 (TPEx)
4304,勝昱,普通股,塑膠工業,傳統產業類,上櫃 (TPEx)
4305,世坤,普通股,塑膠工業,傳統產業類,上櫃 (TPEx)
4306,炎洲,普通股,塑膠工業,傳統產業類,上市 (TWSE)
4401,東隆興,普通股,紡織纖維,傳統產業類,上櫃 (TPEx)
4402,郡都開發,普通股,紡織纖維,傳統產業類,上櫃 (TPEx)
4406,新昕纖,普通股,紡織纖維,傳統產業類,上櫃 (TPEx)
4413,飛寶企業,普通股,紡織纖維,傳統產業類,上櫃 (TPEx)
4414,如興,普通股,紡織纖維,傳統產業類,上市 (TWSE)
4416,三圓,普通股,觀光餐旅,傳統產業類,上櫃 (TPEx)
4417,金洲,普通股,紡織纖維,傳統產業類,上櫃 (TPEx)
4419,皇家美食,普通股,油電燃氣業,傳統產業類,上櫃 (TPEx)
4420,光明,普通股,紡織纖維,傳統產業類,上櫃 (TPEx)
4426,利勤,普通股,紡織纖維,傳統產業類,上市 (TWSE)
4430,耀億,普通股,半導體業,電子科技類,上櫃 (TPEx)
4431,敏成健康,普通股,半導體業,電子科技類,興櫃 (ESM)
4432,銘旺實,普通股,紡織纖維,傳統產業類,上櫃 (TPEx)
4433,興采,普通股,紡織纖維,傳統產業類,上櫃 (TPEx)
4438,廣越,普通股,紡織纖維,傳統產業類,上市 (TWSE)
4439,冠星-KY,普通股,紡織纖維,傳統產業類,上市 (TWSE)
4440,宜新實業,普通股,紡織纖維,傳統產業類,上市 (TWSE)
4441,振大環球,普通股,紡織纖維,傳統產業類,上市 (TWSE)
4442,竣邦-KY,普通股,紡織纖維,傳統產業類,上櫃 (TPEx)
4502,健信,普通股,電機機械,傳統產業類,上櫃 (TPEx)
4503,金雨,普通股,電機機械,傳統產業類,上櫃 (TPEx)
4506,崇友,普通股,電機機械,傳統產業類,上櫃 (TPEx)
4510,高鋒,普通股,電機機械,傳統產業類,上櫃 (TPEx)
4513,福裕,普通股,電機機械,傳統產業類,上櫃 (TPEx)
4523,永彰,普通股,電機機械,傳統產業類,上櫃 (TPEx)
4526,東台,普通股,電機機械,傳統產業類,上市 (TWSE)
4527,方方土霖,普通股,電機機械,傳統產業類,上櫃 (TPEx)
4528,江興鍛,普通股,電機機械,傳統產業類,上櫃 (TPEx)
4529,淳紳,普通股,半導體業,電子科技類,上櫃 (TPEx)
4530,宏易,普通股,油電燃氣業,傳統產業類,上櫃 (TPEx)
4532,瑞智,普通股,電機機械,傳統產業類,上市 (TWSE)
4533,協易機,普通股,電機機械,傳統產業類,上櫃 (TPEx)
4534,慶騰,普通股,電機機械,傳統產業類,上櫃 (TPEx)
4535,至興,普通股,電機機械,傳統產業類,上櫃 (TPEx)
4536,拓凱,普通股,未分類,其他/未分類,上市 (TWSE)
4537,旭東,普通股,資訊服務業,電子科技類,興櫃 (ESM)
4538,大詠城,普通股,電機機械,傳統產業類,上櫃 (TPEx)
4540,全球傳動,普通股,電機機械,傳統產業類,上市 (TWSE)
4541,晟田,普通股,半導體業,電子科技類,上櫃 (TPEx)
4542,科嶠,普通股,金融保險業,金融保險類,上櫃 (TPEx)
4543,萬在,普通股,電機機械,傳統產業類,上櫃 (TPEx)
4544,春日,普通股,電機機械,傳統產業類,興櫃 (ESM)
4545,銘鈺,普通股,金融保險業,金融保險類,上市 (TWSE)
4546,長亨,普通股,電機機械,傳統產業類,興櫃 (ESM)
4549,桓達,普通股,電機機械,傳統產業類,上櫃 (TPEx)
4550,長佳,普通股,電機機械,傳統產業類,上櫃 (TPEx)
4551,智伸科,普通股,建材營造,傳統產業類,上市 (TWSE)
4552,力達-KY,普通股,電機機械,傳統產業類,上市 (TWSE)
4553,盛復,普通股,電機機械,傳統產業類,興櫃 (ESM)
4554,橙的,普通股,居家生活,傳統產業類,上櫃 (TPEx)
4555,氣立,普通股,電機機械,傳統產業類,上市 (TWSE)
4556,旭然,普通股,半導體業,電子科技類,上櫃 (TPEx)
4557,永新-KY,普通股,建材營造,傳統產業類,上市 (TWSE)
4558,寶緯,普通股,電機機械,傳統產業類,上櫃 (TPEx)
4559,久裕興,普通股,未分類,其他/未分類,興櫃 (ESM)
4560,強信-KY,普通股,電機機械,傳統產業類,上市 (TWSE)
4561,健椿,普通股,電機機械,傳統產業類,上櫃 (TPEx)
4562,穎漢,普通股,電機機械,傳統產業類,上市 (TWSE)
4563,百德,普通股,電機機械,傳統產業類,上櫃 (TPEx)
4564,元翎,普通股,電機機械,傳統產業類,上市 (TWSE)
4565,宏偉,普通股,電機機械,傳統產業類,興櫃 (ESM)
4566,時碩工業,普通股,電機機械,傳統產業類,上市 (TWSE)
4568,科際精密,普通股,電機機械,傳統產業類,上櫃 (TPEx)
4569,六方科-KY,普通股,建材營造,傳統產業類,上市 (TWSE)
4570,傑生,普通股,電機機械,傳統產業類,興櫃 (ESM)
4571,鈞興-KY,普通股,電機機械,傳統產業類,上市 (TWSE)
4572,駐龍,普通股,電機機械,傳統產業類,上市 (TWSE)
4573,高明鐵,普通股,電機機械,傳統產業類,興櫃 (ESM)
4575,銓寶,普通股,電機機械,傳統產業類,興櫃 (ESM)
4576,大銀微系統,普通股,電機機械,傳統產業類,上市 (TWSE)
4577,達航科技,普通股,居家生活,傳統產業類,上櫃 (TPEx)
4580,捷流閥業,普通股,電機機械,傳統產業類,上櫃 (TPEx)
4581,光隆精密-KY,普通股,建材營造,傳統產業類,上市 (TWSE)
4582,聚恆-創,普通股,綠能環保,政策綠能類,上市 (TWSE)
4583,台灣精銳,普通股,電機機械,傳統產業類,上市 (TWSE)
4584,君帆,普通股,電機機械,傳統產業類,上櫃 (TPEx)
4585,達明,普通股,居家生活,傳統產業類,上市 (TWSE)
4587,寶元數控,普通股,電機機械,傳統產業類,興櫃 (ESM)
4588,玖鼎電力,普通股,居家生活,傳統產業類,上市 (TWSE)
4589,碩陽電機,普通股,電機機械,傳統產業類,興櫃 (ESM)
4590,富田-創,普通股,電機機械,傳統產業類,上市 (TWSE)
4609,唐鋒,普通股,未分類,其他/未分類,上櫃 (TPEx)
4702,中美實,普通股,未分類,其他/未分類,上櫃 (TPEx)
4706,大恭,普通股,電腦及週邊設備業,電子科技類,上櫃 (TPEx)
4707,磐亞,普通股,電腦及週邊設備業,電子科技類,上櫃 (TPEx)
4711,永純,普通股,電腦及週邊設備業,電子科技類,上櫃 (TPEx)
4714,永捷,普通股,電腦及週邊設備業,電子科技類,上櫃 (TPEx)
4716,大立,普通股,電腦及週邊設備業,電子科技類,上櫃 (TPEx)
4720,德淵,普通股,電腦及週邊設備業,電子科技類,上市 (TWSE)
4721,美琪瑪,普通股,電腦及週邊設備業,電子科技類,上櫃 (TPEx)
4722,國精化,普通股,電腦及週邊設備業,電子科技類,上市 (TWSE)
4724,宣捷幹細胞,普通股,光電業,電子科技類,興櫃 (ESM)
4726,永昕,普通股,光電業,電子科技類,上櫃 (TPEx)
4728,雙美,普通股,光電業,電子科技類,上櫃 (TPEx)
4729,熒茂,普通股,資訊服務業,電子科技類,上櫃 (TPEx)
4732,彥臣,普通股,光電業,電子科技類,興櫃 (ESM)
4735,豪展,普通股,光電業,電子科技類,上櫃 (TPEx)
4736,泰博,普通股,光電業,電子科技類,上市 (TWSE)
4737,華廣,普通股,光電業,電子科技類,上市 (TWSE)
4738,大同精化,普通股,電腦及週邊設備業,電子科技類,興櫃 (ESM)
4739,康普,普通股,電腦及週邊設備業,電子科技類,上市 (TWSE)
4741,泓瀚,普通股,電腦及週邊設備業,電子科技類,上櫃 (TPEx)
4743,合一,普通股,光電業,電子科技類,上櫃 (TPEx)
4744,皇將,普通股,光電業,電子科技類,上櫃 (TPEx)
4745,合富-KY,普通股,光電業,電子科技類,上櫃 (TPEx)
4746,台耀,普通股,光電業,電子科技類,上市 (TWSE)
4747,強生製藥,普通股,光電業,電子科技類,上櫃 (TPEx)
4749,新應材,普通股,電子零組件業,電子科技類,上櫃 (TPEx)
4754,國碳科,普通股,電腦及週邊設備業,電子科技類,上櫃 (TPEx)
4755,三福化,普通股,電腦及週邊設備業,電子科技類,上市 (TWSE)
4760,勤凱科技,普通股,居家生活,傳統產業類,上櫃 (TPEx)
4763,材料*-KY,普通股,電腦及週邊設備業,電子科技類,上市 (TWSE)
4764,雙鍵,普通股,電腦及週邊設備業,電子科技類,上市 (TWSE)
4765,磐采,普通股,電腦及週邊設備業,電子科技類,興櫃 (ESM)
4766,南寶,普通股,電腦及週邊設備業,電子科技類,上市 (TWSE)
4767,誠泰科技,普通股,電腦及週邊設備業,電子科技類,上櫃 (TPEx)
4768,晶呈科技,普通股,電腦及週邊設備業,電子科技類,上櫃 (TPEx)
4770,上品,普通股,電腦及週邊設備業,電子科技類,上市 (TWSE)
4771,望隼,普通股,光電業,電子科技類,上市 (TWSE)
4772,台特化,普通股,電腦及週邊設備業,電子科技類,上櫃 (TPEx)
4804,大略-KY,普通股,油電燃氣業,傳統產業類,上櫃 (TPEx)
4806,桂田文創,普通股,綜合,傳統產業類,上櫃 (TPEx)
4807,日成-KY,普通股,生技醫療業,生技醫療類,上市 (TWSE)
4903,聯光通,普通股,其他電子業,電子科技類,上櫃 (TPEx)
4904,遠傳,普通股,其他電子業,電子科技類,上市 (TWSE)
4905,台聯電,普通股,光電業,電子科技類,上櫃 (TPEx)
4906,正文,普通股,其他電子業,電子科技類,上市 (TWSE)
4907,富宇,普通股,觀光餐旅,傳統產業類,上櫃 (TPEx)
4908,前鼎,普通股,其他電子業,電子科技類,上櫃 (TPEx)
4909,新復興,普通股,其他電子業,電子科技類,上櫃 (TPEx)
4911,德英,普通股,光電業,電子科技類,上櫃 (TPEx)
4912,聯德控股-KY,普通股,金融保險業,金融保險類,上市 (TWSE)
4915,致伸,普通股,金融保險業,金融保險類,上市 (TWSE)
4916,事欣科,普通股,電子通路業,電子科技類,上市 (TWSE)
4919,新唐,普通股,電子零組件業,電子科技類,上市 (TWSE)
4923,力士,普通股,電子零組件業,電子科技類,上櫃 (TPEx)
4924,欣厚-KY,普通股,綠能環保,政策綠能類,上櫃 (TPEx)
4925,智微,普通股,電子零組件業,電子科技類,興櫃 (ESM)
4927,泰鼎-KY,普通股,金融保險業,金融保險類,上市 (TWSE)
4930,燦星網,普通股,電器電纜,傳統產業類,上市 (TWSE)
4931,新盛力,普通股,電子通路業,電子科技類,上櫃 (TPEx)
4933,友輝,普通股,資訊服務業,電子科技類,上櫃 (TPEx)
4934,太極,普通股,資訊服務業,電子科技類,上市 (TWSE)
4935,茂林-KY,普通股,資訊服務業,電子科技類,上市 (TWSE)
4938,和碩,普通股,電子通路業,電子科技類,上市 (TWSE)
4939,亞電,普通股,金融保險業,金融保險類,上櫃 (TPEx)
4942,嘉彰,普通股,資訊服務業,電子科技類,上市 (TWSE)
4943,康控-KY,普通股,金融保險業,金融保險類,上市 (TWSE)
4946,辣椒,普通股,綜合,傳統產業類,上櫃 (TPEx)
4949,有成精密,普通股,資訊服務業,電子科技類,上市 (TWSE)
4950,金耘國際,普通股,橡膠工業,傳統產業類,上櫃 (TPEx)
4951,精拓科,普通股,電子零組件業,電子科技類,上櫃 (TPEx)
4952,凌通,普通股,電子零組件業,電子科技類,上市 (TWSE)
4953,緯致,普通股,運動休閒,傳統產業類,上櫃 (TPEx)
4956,光鋐,普通股,資訊服務業,電子科技類,上市 (TWSE)
4958,臻鼎-KY,普通股,金融保險業,金融保險類,上市 (TWSE)
4960,誠美材,普通股,資訊服務業,電子科技類,上市 (TWSE)
4961,天鈺,普通股,電子零組件業,電子科技類,上市 (TWSE)
4966,譜瑞-KY,普通股,電子零組件業,電子科技類,上櫃 (TPEx)
4967,十銓,普通股,電子零組件業,電子科技類,上市 (TWSE)
4968,立積,普通股,電子零組件業,電子科技類,上市 (TWSE)
4971,IET-KY,普通股,電子零組件業,電子科技類,上櫃 (TPEx)
4972,湯石照明,普通股,資訊服務業,電子科技類,上櫃 (TPEx)
4973,廣穎電通,普通股,電子零組件業,電子科技類,上櫃 (TPEx)
4974,亞泰,普通股,金融保險業,金融保險類,上櫃 (TPEx)
4976,佳凌,普通股,資訊服務業,電子科技類,上市 (TWSE)
4977,眾達-KY,普通股,其他電子業,電子科技類,上市 (TWSE)
4979,華星光,普通股,其他電子業,電子科技類,上櫃 (TPEx)
4980,佐臻,普通股,金融保險業,金融保險類,興櫃 (ESM)
4989,榮科,普通股,金融保險業,金融保險類,上市 (TWSE)
4991,環宇-KY,普通股,電子零組件業,電子科技類,上櫃 (TPEx)
4994,傳奇,普通股,運動休閒,傳統產業類,上市 (TWSE)
4995,晶達,普通股,資訊服務業,電子科技類,上櫃 (TPEx)
4999,鑫禾,普通股,金融保險業,金融保險類,上市 (TWSE)
5007,三星,普通股,橡膠工業,傳統產業類,上市 (TWSE)
5009,榮剛,普通股,橡膠工業,傳統產業類,上櫃 (TPEx)
5011,久陽,普通股,橡膠工業,傳統產業類,上櫃 (TPEx)
5013,強新,普通股,橡膠工業,傳統產業類,上櫃 (TPEx)
5014,建錩,普通股,橡膠工業,傳統產業類,上櫃 (TPEx)
5015,華祺,普通股,橡膠工業,傳統產業類,上櫃 (TPEx)
5016,松和,普通股,橡膠工業,傳統產業類,上櫃 (TPEx)
5201,凱衛,普通股,運動休閒,傳統產業類,上櫃 (TPEx)
5202,力新,普通股,運動休閒,傳統產業類,上櫃 (TPEx)
5203,訊連,普通股,運動休閒,傳統產業類,上市 (TWSE)
5205,中茂,普通股,綠能環保,政策綠能類,上櫃 (TPEx)
5206,坤悅,普通股,觀光餐旅,傳統產業類,上櫃 (TPEx)
5209,新鼎,普通股,半導體業,電子科技類,上櫃 (TPEx)
5210,寶碩,普通股,運動休閒,傳統產業類,上櫃 (TPEx)
5211,蒙恬,普通股,運動休閒,傳統產業類,上櫃 (TPEx)
5212,凌網,普通股,運動休閒,傳統產業類,上櫃 (TPEx)
5213,亞昕,普通股,觀光餐旅,傳統產業類,上櫃 (TPEx)
5215,科嘉-KY,普通股,電子通路業,電子科技類,上市 (TWSE)
5220,萬達光電,普通股,資訊服務業,電子科技類,上櫃 (TPEx)
5222,全訊,普通股,電子零組件業,電子科技類,上市 (TWSE)
5223,安力-KY,普通股,電子通路業,電子科技類,上櫃 (TPEx)
5225,東科-KY,普通股,居家生活,傳統產業類,上市 (TWSE)
5227,立凱-KY,普通股,金融保險業,金融保險類,上櫃 (TPEx)
5228,鈺鎧,普通股,金融保險業,金融保險類,上櫃 (TPEx)
5230,雷笛克光學,普通股,資訊服務業,電子科技類,上櫃 (TPEx)
5234,達興材料,普通股,資訊服務業,電子科技類,上市 (TWSE)
5236,凌陽創新,普通股,電子零組件業,電子科技類,上櫃 (TPEx)
5240,建騰,普通股,資訊服務業,電子科技類,興櫃 (ESM)
5243,乙盛-KY,普通股,資訊服務業,電子科技類,上市 (TWSE)
5244,弘凱,普通股,資訊服務業,電子科技類,上市 (TWSE)
5245,智晶,普通股,資訊服務業,電子科技類,上櫃 (TPEx)
5246,勵威,普通股,電子零組件業,電子科技類,興櫃 (ESM)
5248,景傳,普通股,資訊服務業,電子科技類,興櫃 (ESM)
5251,天鉞電,普通股,資訊服務業,電子科技類,上櫃 (TPEx)
5254,欣訊科技,普通股,金融保險業,金融保險類,興櫃 (ESM)
5258,虹堡,普通股,電子通路業,電子科技類,上市 (TWSE)
5262,立達,普通股,電子零組件業,電子科技類,興櫃 (ESM)
5263,智崴,普通股,綜合,傳統產業類,上櫃 (TPEx)
5267,龍翩,普通股,資訊服務業,電子科技類,興櫃 (ESM)
5269,祥碩,普通股,電子零組件業,電子科技類,上市 (TWSE)
5271,紘通,普通股,金融保險業,金融保險類,興櫃 (ESM)
5272,笙科,普通股,電子零組件業,電子科技類,上櫃 (TPEx)
5274,信驊,普通股,電子零組件業,電子科技類,上櫃 (TPEx)
5276,達輝-KY,普通股,半導體業,電子科技類,上櫃 (TPEx)
5278,尚凡*,普通股,未分類,其他/未分類,上櫃 (TPEx)
5283,禾聯碩,普通股,電器電纜,傳統產業類,上市 (TWSE)
5284,jpp-KY,普通股,半導體業,電子科技類,上市 (TWSE)
5285,界霖,普通股,電子零組件業,電子科技類,上市 (TWSE)
5287,數字,普通股,未分類,其他/未分類,上櫃 (TPEx)
5288,豐祥-KY,普通股,電機機械,傳統產業類,上市 (TWSE)
5289,宜鼎,普通股,電子通路業,電子科技類,上櫃 (TPEx)
5291,邑昇,普通股,金融保險業,金融保險類,上櫃 (TPEx)
5292,華懋,普通股,綠能環保,政策綠能類,上市 (TWSE)
5297,廣化,普通股,電子零組件業,電子科技類,興櫃 (ESM)
5299,杰力,普通股,電子零組件業,電子科技類,上櫃 (TPEx)
5301,寶得利,普通股,油電燃氣業,傳統產業類,上櫃 (TPEx)
5302,太欣,普通股,電子零組件業,電子科技類,上櫃 (TPEx)
5306,桂盟,普通股,未分類,其他/未分類,上市 (TWSE)
5309,系統電,普通股,金融保險業,金融保險類,上櫃 (TPEx)
5310,天剛,普通股,運動休閒,傳統產業類,上櫃 (TPEx)
5312,寶島科,普通股,光電業,電子科技類,上櫃 (TPEx)
5314,世紀*,普通股,半導體業,電子科技類,上櫃 (TPEx)
5315,光聯,普通股,資訊服務業,電子科技類,上櫃 (TPEx)
5321,美而快,普通股,未分類,其他/未分類,上櫃 (TPEx)
5324,士開,普通股,觀光餐旅,傳統產業類,上櫃 (TPEx)
5328,華容,普通股,金融保險業,金融保險類,上櫃 (TPEx)
5340,建榮,普通股,金融保險業,金融保險類,上櫃 (TPEx)
5344,立衛,普通股,電子零組件業,電子科技類,上櫃 (TPEx)
5345,馥鴻,普通股,半導體業,電子科技類,上櫃 (TPEx)
5347,世界,普通股,電子零組件業,電子科技類,上櫃 (TPEx)
5348,正能量智能,普通股,未分類,其他/未分類,上櫃 (TPEx)
5351,鈺創,普通股,電子零組件業,電子科技類,上櫃 (TPEx)
5353,台林,普通股,其他電子業,電子科技類,上櫃 (TPEx)
5355,佳總,普通股,金融保險業,金融保險類,上櫃 (TPEx)
5356,協益,普通股,電子通路業,電子科技類,上櫃 (TPEx)
5364,力麗店,普通股,油電燃氣業,傳統產業類,上櫃 (TPEx)
5371,中光電,普通股,資訊服務業,電子科技類,上櫃 (TPEx)
5381,光譜,普通股,電機機械,傳統產業類,上櫃 (TPEx)
5386,青雲,普通股,電子通路業,電子科技類,上櫃 (TPEx)
5388,中磊,普通股,其他電子業,電子科技類,上市 (TWSE)
5392,能率,普通股,資訊服務業,電子科技類,上櫃 (TPEx)
5398,慕康生醫,普通股,半導體業,電子科技類,上櫃 (TPEx)
5403,中菲,普通股,運動休閒,傳統產業類,上櫃 (TPEx)
5410,國眾,普通股,運動休閒,傳統產業類,上櫃 (TPEx)
5425,台半,普通股,電子零組件業,電子科技類,上櫃 (TPEx)
5426,振發,普通股,電子通路業,電子科技類,上櫃 (TPEx)
5432,新門,普通股,綠能環保,政策綠能類,上櫃 (TPEx)
5434,崇越,普通股,貿易百貨業,傳統產業類,上市 (TWSE)
5438,東友,普通股,電子通路業,電子科技類,上櫃 (TPEx)
5439,高技,普通股,金融保險業,金融保險類,上櫃 (TPEx)
5443,均豪,普通股,電子零組件業,電子科技類,上櫃 (TPEx)
5450,南良,普通股,半導體業,電子科技類,上櫃 (TPEx)
5452,佶優,普通股,居家生活,傳統產業類,上櫃 (TPEx)
5455,昇益,普通股,觀光餐旅,傳統產業類,上櫃 (TPEx)
5457,宣德,普通股,金融保險業,金融保險類,上櫃 (TPEx)
5460,同協,普通股,金融保險業,金融保險類,上櫃 (TPEx)
5464,霖宏,普通股,金融保險業,金融保險類,上櫃 (TPEx)
5465,富驊,普通股,電子通路業,電子科技類,上櫃 (TPEx)
5468,凱鈺,普通股,電子零組件業,電子科技類,上櫃 (TPEx)
5469,瀚宇博,普通股,金融保險業,金融保險類,上市 (TWSE)
5471,松翰,普通股,電子零組件業,電子科技類,上市 (TWSE)
5474,聰泰,普通股,電子通路業,電子科技類,上櫃 (TPEx)
5475,德宏,普通股,金融保險業,金融保險類,上櫃 (TPEx)
5478,智冠,普通股,綜合,傳統產業類,上櫃 (TPEx)
5481,新華,普通股,半導體業,電子科技類,上櫃 (TPEx)
5483,中美晶,普通股,電子零組件業,電子科技類,上櫃 (TPEx)
5484,慧友,普通股,資訊服務業,電子科技類,上市 (TWSE)
5487,通泰,普通股,電子零組件業,電子科技類,上櫃 (TPEx)
5488,松普,普通股,金融保險業,金融保險類,上櫃 (TPEx)
5489,彩富,普通股,居家生活,傳統產業類,上櫃 (TPEx)
5490,同亨,普通股,電子通路業,電子科技類,上櫃 (TPEx)
5493,三聯,普通股,居家生活,傳統產業類,上櫃 (TPEx)
5498,凱崴,普通股,金融保險業,金融保險類,上櫃 (TPEx)
5508,永信建,普通股,觀光餐旅,傳統產業類,上櫃 (TPEx)
5511,德昌,普通股,觀光餐旅,傳統產業類,上櫃 (TPEx)
5512,力麒,普通股,觀光餐旅,傳統產業類,上櫃 (TPEx)
5514,三豐,普通股,觀光餐旅,傳統產業類,上櫃 (TPEx)
5515,建國,普通股,觀光餐旅,傳統產業類,上市 (TWSE)
5516,雙喜,普通股,觀光餐旅,傳統產業類,上櫃 (TPEx)
5519,隆大,普通股,觀光餐旅,傳統產業類,上市 (TWSE)
5520,力泰,普通股,觀光餐旅,傳統產業類,上櫃 (TPEx)
5521,工信,普通股,觀光餐旅,傳統產業類,上市 (TWSE)
5522,遠雄,普通股,觀光餐旅,傳統產業類,上市 (TWSE)
5523,豐謙,普通股,觀光餐旅,傳統產業類,上櫃 (TPEx)
5525,順天,普通股,觀光餐旅,傳統產業類,上市 (TWSE)
5529,鉅陞,普通股,觀光餐旅,傳統產業類,上櫃 (TPEx)
5530,龍巖,普通股,半導體業,電子科技類,上櫃 (TPEx)
5531,鄉林,普通股,觀光餐旅,傳統產業類,上市 (TWSE)
5533,皇鼎,普通股,觀光餐旅,傳統產業類,上市 (TWSE)
5534,長虹,普通股,觀光餐旅,傳統產業類,上市 (TWSE)
5536,聖暉*,普通股,居家生活,傳統產業類,上櫃 (TPEx)
5538,東明-KY,普通股,橡膠工業,傳統產業類,上市 (TWSE)
5543,桓鼎-KY,普通股,觀光餐旅,傳統產業類,上櫃 (TPEx)
5546,永固-KY,普通股,觀光餐旅,傳統產業類,上市 (TWSE)
5547,久舜,普通股,觀光餐旅,傳統產業類,上櫃 (TPEx)
5548,安倉,普通股,觀光餐旅,傳統產業類,上櫃 (TPEx)
5601,台聯櫃,普通股,貿易百貨業,傳統產業類,上櫃 (TPEx)
5603,陸海,普通股,貿易百貨業,傳統產業類,上櫃 (TPEx)
5604,中連,普通股,半導體業,電子科技類,上櫃 (TPEx)
5607,遠雄港,普通股,貿易百貨業,傳統產業類,上市 (TWSE)
5608,四維航,普通股,貿易百貨業,傳統產業類,上市 (TWSE)
5609,中菲行,普通股,貿易百貨業,傳統產業類,上櫃 (TPEx)
5701,劍湖山,普通股,油電燃氣業,傳統產業類,上櫃 (TPEx)
5703,亞都麗緻,普通股,油電燃氣業,傳統產業類,上櫃 (TPEx)
5704,老爺知,普通股,油電燃氣業,傳統產業類,上櫃 (TPEx)
5706,鳳凰,普通股,油電燃氣業,傳統產業類,上市 (TWSE)
5859,遠壽,普通股,化學工業,傳統產業類,興櫃 (ESM)
5863,瑞興銀,普通股,化學工業,傳統產業類,興櫃 (ESM)
5864,致和證,普通股,化學工業,傳統產業類,上櫃 (TPEx)
5871,中租-KY,普通股,半導體業,電子科技類,上市 (TWSE)
5876,上海商銀,普通股,化學工業,傳統產業類,上市 (TWSE)
5878,台名,普通股,化學工業,傳統產業類,上櫃 (TPEx)
5880,合庫金,普通股,化學工業,傳統產業類,上市 (TWSE)
5902,德記,普通股,未分類,其他/未分類,上櫃 (TPEx)
5903,全家,普通股,未分類,其他/未分類,上櫃 (TPEx)
5904,寶雅,普通股,未分類,其他/未分類,上櫃 (TPEx)
5905,南仁湖,普通股,油電燃氣業,傳統產業類,上櫃 (TPEx)
5906,台南-KY,普通股,生技醫療業,生技醫療類,上市 (TWSE)
5907,大洋-KY,普通股,生技醫療業,生技醫療類,上市 (TWSE)
6005,群益證,普通股,化學工業,傳統產業類,上市 (TWSE)
6015,宏遠證,普通股,化學工業,傳統產業類,上櫃 (TPEx)
6016,康和證,普通股,化學工業,傳統產業類,上櫃 (TPEx)
6020,大展證,普通股,化學工業,傳統產業類,上櫃 (TPEx)
6021,美好證,普通股,化學工業,傳統產業類,上櫃 (TPEx)
6023,元大期貨,普通股,化學工業,傳統產業類,上櫃 (TPEx)
6024,群益期,普通股,化學工業,傳統產業類,上市 (TWSE)
6026,福邦證,普通股,化學工業,傳統產業類,上櫃 (TPEx)
6027,德信,普通股,化學工業,傳統產業類,興櫃 (ESM)
6028,公勝保經,普通股,化學工業,傳統產業類,上櫃 (TPEx)
6035,悠遊卡,普通股,化學工業,傳統產業類,興櫃 (ESM)
6101,寬魚國際,普通股,綜合,傳統產業類,上櫃 (TPEx)
6103,合邦,普通股,電子零組件業,電子科技類,上櫃 (TPEx)
6104,創惟,普通股,電子零組件業,電子科技類,上櫃 (TPEx)
6108,競國,普通股,金融保險業,金融保險類,上市 (TWSE)
6109,亞元,普通股,其他電子業,電子科技類,上櫃 (TPEx)
6111,光聚晶電,普通股,綜合,傳統產業類,上櫃 (TPEx)
6112,邁達特,普通股,運動休閒,傳統產業類,上市 (TWSE)
6113,亞矽,普通股,貿易百貨業,傳統產業類,上櫃 (TPEx)
6114,久威,普通股,金融保險業,金融保險類,上櫃 (TPEx)
6115,鎰勝,普通股,金融保險業,金融保險類,上市 (TWSE)
6116,彩晶,普通股,資訊服務業,電子科技類,上市 (TWSE)
6117,迎廣,普通股,電子通路業,電子科技類,上市 (TWSE)
6118,建達,普通股,貿易百貨業,傳統產業類,上櫃 (TPEx)
6120,達運,普通股,資訊服務業,電子科技類,上市 (TWSE)
6121,新普,普通股,電子通路業,電子科技類,上櫃 (TPEx)
6122,擎邦,普通股,電機機械,傳統產業類,上櫃 (TPEx)
6123,上奇,普通股,運動休閒,傳統產業類,上櫃 (TPEx)
6124,業強,普通股,金融保險業,金融保險類,上櫃 (TPEx)
6125,廣運,普通股,電機機械,傳統產業類,上櫃 (TPEx)
6126,信音,普通股,金融保險業,金融保險類,上櫃 (TPEx)
6127,九豪,普通股,金融保險業,金融保險類,上櫃 (TPEx)
6128,上福,普通股,電子通路業,電子科技類,上市 (TWSE)
6129,普誠,普通股,電子零組件業,電子科技類,上櫃 (TPEx)
6130,上亞科技,普通股,光電業,電子科技類,上櫃 (TPEx)
6133,金橋,普通股,金融保險業,金融保險類,上市 (TWSE)
6134,萬旭,普通股,金融保險業,金融保險類,上櫃 (TPEx)
6136,富爾特,普通股,其他電子業,電子科技類,上市 (TWSE)
6138,茂達,普通股,電子零組件業,電子科技類,上櫃 (TPEx)
6139,亞翔,普通股,居家生活,傳統產業類,上市 (TWSE)
6140,訊達電腦,普通股,運動休閒,傳統產業類,上櫃 (TPEx)
6141,柏承,普通股,金融保險業,金融保險類,上市 (TWSE)
6142,友勁,普通股,其他電子業,電子科技類,上市 (TWSE)
6143,振曜,普通股,其他電子業,電子科技類,上櫃 (TPEx)
6144,得利影,普通股,綜合,傳統產業類,上櫃 (TPEx)
6146,耕興,普通股,居家生活,傳統產業類,上櫃 (TPEx)
6147,頎邦,普通股,電子零組件業,電子科技類,上櫃 (TPEx)
6148,驊宏資,普通股,運動休閒,傳統產業類,上櫃 (TPEx)
6150,撼訊,普通股,電子通路業,電子科技類,上櫃 (TPEx)
6151,晉倫,普通股,居家生活,傳統產業類,上櫃 (TPEx)
6152,百一,普通股,其他電子業,電子科技類,上市 (TWSE)
6153,嘉聯益,普通股,金融保險業,金融保險類,上市 (TWSE)
6154,順發,普通股,貿易百貨業,傳統產業類,上櫃 (TPEx)
6155,鈞寶,普通股,金融保險業,金融保險類,上市 (TWSE)
6156,松上,普通股,金融保險業,金融保險類,上櫃 (TPEx)
6158,禾昌,普通股,金融保險業,金融保險類,上櫃 (TPEx)
6160,欣技,普通股,電子通路業,電子科技類,上櫃 (TPEx)
6161,捷波,普通股,電子通路業,電子科技類,上櫃 (TPEx)
6163,華電網,普通股,運動休閒,傳統產業類,上櫃 (TPEx)
6164,華興,普通股,資訊服務業,電子科技類,上市 (TWSE)
6165,浪凡,普通股,未分類,其他/未分類,上市 (TWSE)
6166,凌華,普通股,電子通路業,電子科技類,上市 (TWSE)
6167,久正,普通股,資訊服務業,電子科技類,上櫃 (TPEx)
6168,宏齊,普通股,資訊服務業,電子科技類,上市 (TWSE)
6169,昱泉,普通股,綜合,傳統產業類,上櫃 (TPEx)
6170,統振,普通股,其他電子業,電子科技類,上櫃 (TPEx)
6171,大城地產,普通股,觀光餐旅,傳統產業類,上櫃 (TPEx)
6173,信昌電,普通股,金融保險業,金融保險類,上櫃 (TPEx)
6174,安碁,普通股,金融保險業,金融保險類,上櫃 (TPEx)
6175,立敦,普通股,金融保險業,金融保險類,上櫃 (TPEx)
6176,瑞儀,普通股,資訊服務業,電子科技類,上市 (TWSE)
6177,達麗,普通股,觀光餐旅,傳統產業類,上市 (TWSE)
6179,亞通,普通股,半導體業,電子科技類,上櫃 (TPEx)
6180,橘子,普通股,綜合,傳統產業類,上櫃 (TPEx)
6182,合晶,普通股,電子零組件業,電子科技類,上櫃 (TPEx)
6183,關貿,普通股,運動休閒,傳統產業類,上市 (TWSE)
6184,大豐電,普通股,半導體業,電子科技類,上市 (TWSE)
6185,幃翔,普通股,金融保險業,金融保險類,上櫃 (TPEx)
6186,新潤,普通股,觀光餐旅,傳統產業類,上櫃 (TPEx)
6187,萬潤,普通股,電子零組件業,電子科技類,上櫃 (TPEx)
6188,廣明,普通股,電子通路業,電子科技類,上櫃 (TPEx)
6189,豐藝,普通股,貿易百貨業,傳統產業類,上市 (TWSE)
6190,萬泰科,普通股,其他電子業,電子科技類,上櫃 (TPEx)
6191,精成科,普通股,金融保險業,金融保險類,上市 (TWSE)
6192,巨路,普通股,居家生活,傳統產業類,上市 (TWSE)
6194,育富,普通股,金融保險業,金融保險類,上櫃 (TPEx)
6195,詩肯,普通股,未分類,其他/未分類,上櫃 (TPEx)
6196,帆宣,普通股,居家生活,傳統產業類,上市 (TWSE)
6197,佳必琪,普通股,金融保險業,金融保險類,上市 (TWSE)
6198,瑞築,普通股,觀光餐旅,傳統產業類,上櫃 (TPEx)
6199,天品,普通股,半導體業,電子科技類,上櫃 (TPEx)
6201,亞弘電,普通股,居家生活,傳統產業類,上市 (TWSE)
6202,盛群,普通股,電子零組件業,電子科技類,上市 (TWSE)
6203,海韻電,普通股,金融保險業,金融保險類,上櫃 (TPEx)
6204,艾華,普通股,金融保險業,金融保險類,上櫃 (TPEx)
6205,詮欣,普通股,金融保險業,金融保險類,上市 (TWSE)
6206,飛捷,普通股,電子通路業,電子科技類,上市 (TWSE)
6207,雷科,普通股,金融保險業,金融保險類,上櫃 (TPEx)
6208,日揚,普通股,電子零組件業,電子科技類,上櫃 (TPEx)
6209,今國光,普通股,資訊服務業,電子科技類,上市 (TWSE)
6210,慶生,普通股,金融保險業,金融保險類,上櫃 (TPEx)
6212,理銘,普通股,觀光餐旅,傳統產業類,上櫃 (TPEx)
6213,聯茂,普通股,金融保險業,金融保險類,上市 (TWSE)
6214,精誠,普通股,運動休閒,傳統產業類,上市 (TWSE)
6215,和椿,普通股,居家生活,傳統產業類,上市 (TWSE)
6216,居易,普通股,其他電子業,電子科技類,上市 (TWSE)
6217,中探針,普通股,金融保險業,金融保險類,上櫃 (TPEx)
6218,豪勉,普通股,其他電子業,電子科技類,上櫃 (TPEx)
6219,富旺,普通股,觀光餐旅,傳統產業類,上櫃 (TPEx)
6220,岳豐,普通股,金融保險業,金融保險類,上櫃 (TPEx)
6221,晉泰,普通股,運動休閒,傳統產業類,上櫃 (TPEx)
6222,立軒,普通股,資訊服務業,電子科技類,上櫃 (TPEx)
6223,旺矽,普通股,電子零組件業,電子科技類,上櫃 (TPEx)
6224,聚鼎,普通股,金融保險業,金融保險類,上市 (TWSE)
6225,天瀚,普通股,資訊服務業,電子科技類,上市 (TWSE)
6226,光鼎,普通股,資訊服務業,電子科技類,上市 (TWSE)
6227,茂綸,普通股,貿易百貨業,傳統產業類,上櫃 (TPEx)
6228,全譜,普通股,電子通路業,電子科技類,上櫃 (TPEx)
6229,研通,普通股,電子零組件業,電子科技類,上櫃 (TPEx)
6230,尼得科超眾,普通股,電子通路業,電子科技類,上市 (TWSE)
6231,系微,普通股,運動休閒,傳統產業類,上櫃 (TPEx)
6233,旺玖,普通股,電子零組件業,電子科技類,上櫃 (TPEx)
6234,高僑,普通股,資訊服務業,電子科技類,上櫃 (TPEx)
6235,華孚,普通股,電子通路業,電子科技類,上市 (TWSE)
6236,中湛,普通股,未分類,其他/未分類,上櫃 (TPEx)
6237,驊訊,普通股,電子零組件業,電子科技類,上櫃 (TPEx)
6239,力成,普通股,電子零組件業,電子科技類,上市 (TWSE)
6240,松崗,普通股,運動休閒,傳統產業類,上櫃 (TPEx)
6241,鑫永洋,普通股,其他電子業,電子科技類,上櫃 (TPEx)
6242,立康,普通股,光電業,電子科技類,上櫃 (TPEx)
6243,迅杰,普通股,電子零組件業,電子科技類,上市 (TWSE)
6244,茂迪,普通股,資訊服務業,電子科技類,上櫃 (TPEx)
6245,立端,普通股,其他電子業,電子科技類,上櫃 (TPEx)
6246,臺龍,普通股,資訊服務業,電子科技類,上櫃 (TPEx)
6248,沛波,普通股,橡膠工業,傳統產業類,上櫃 (TPEx)
6257,矽格,普通股,電子零組件業,電子科技類,上市 (TWSE)
6259,百徽,普通股,金融保險業,金融保險類,上櫃 (TPEx)
6261,久元,普通股,電子零組件業,電子科技類,上櫃 (TPEx)
6263,普萊德,普通股,其他電子業,電子科技類,上櫃 (TPEx)
6264,富裔,普通股,觀光餐旅,傳統產業類,上櫃 (TPEx)
6265,方土昶,普通股,貿易百貨業,傳統產業類,上櫃 (TPEx)
6266,泰詠,普通股,金融保險業,金融保險類,上櫃 (TPEx)
6269,台郡,普通股,金融保險業,金融保險類,上市 (TWSE)
6270,倍微,普通股,貿易百貨業,傳統產業類,上櫃 (TPEx)
6271,同欣電,普通股,電子零組件業,電子科技類,上市 (TWSE)
6272,驊陞,普通股,金融保險業,金融保險類,上市 (TWSE)
6274,台燿,普通股,金融保險業,金融保險類,上櫃 (TPEx)
6275,元山,普通股,金融保險業,金融保險類,上櫃 (TPEx)
6276,安鈦克,普通股,電子通路業,電子科技類,上櫃 (TPEx)
6277,宏正,普通股,電子通路業,電子科技類,上市 (TWSE)
6278,台表科,普通股,資訊服務業,電子科技類,上市 (TWSE)
6279,胡連,普通股,金融保險業,金融保險類,上櫃 (TPEx)
6281,全國電,普通股,貿易百貨業,傳統產業類,上市 (TWSE)
6282,康舒,普通股,金融保險業,金融保險類,上市 (TWSE)
6283,淳安,普通股,居家生活,傳統產業類,上市 (TWSE)
6284,佳邦,普通股,金融保險業,金融保險類,上櫃 (TPEx)
6285,啟碁,普通股,其他電子業,電子科技類,上市 (TWSE)
6290,良維,普通股,金融保險業,金融保險類,上櫃 (TPEx)
6291,沛亨,普通股,電子零組件業,電子科技類,上櫃 (TPEx)
6292,迅德,普通股,金融保險業,金融保險類,上櫃 (TPEx)
6294,智基,普通股,綜合,傳統產業類,上櫃 (TPEx)
6405,悅城,普通股,資訊服務業,電子科技類,上市 (TWSE)
6407,相互,普通股,金融保險業,金融保險類,興櫃 (ESM)
6409,旭隼,普通股,居家生活,傳統產業類,上市 (TWSE)
6411,晶焱,普通股,電子零組件業,電子科技類,上櫃 (TPEx)
6412,群電,普通股,金融保險業,金融保險類,上市 (TWSE)
6414,樺漢,普通股,電子通路業,電子科技類,上市 (TWSE)
6415,矽力*-KY,普通股,電子零組件業,電子科技類,上市 (TWSE)
6416,瑞祺電通,普通股,其他電子業,電子科技類,上市 (TWSE)
6417,韋僑,普通股,其他電子業,電子科技類,上櫃 (TPEx)
6418,詠昇,普通股,金融保險業,金融保險類,上櫃 (TPEx)
6419,京晨科,普通股,資訊服務業,電子科技類,上櫃 (TPEx)
6423,億而得,普通股,電子零組件業,電子科技類,上櫃 (TPEx)
6425,易發,普通股,電機機械,傳統產業類,上櫃 (TPEx)
6426,統新,普通股,其他電子業,電子科技類,上市 (TWSE)
6428,台灣淘米,普通股,綜合,傳統產業類,興櫃 (ESM)
6431,光麗-KY,普通股,光電業,電子科技類,上市 (TWSE)
6432,今展科,普通股,金融保險業,金融保險類,上櫃 (TPEx)
6434,達輝光電,普通股,資訊服務業,電子科技類,興櫃 (ESM)
6435,大中,普通股,電子零組件業,電子科技類,上櫃 (TPEx)
6438,迅得,普通股,居家生活,傳統產業類,上市 (TWSE)
6441,廣錠,普通股,電子通路業,電子科技類,上櫃 (TPEx)
6442,光聖,普通股,其他電子業,電子科技類,上市 (TWSE)
6443,元晶,普通股,資訊服務業,電子科技類,上市 (TWSE)
6446,藥華藥,普通股,光電業,電子科技類,上市 (TWSE)
6449,鈺邦,普通股,金融保險業,金融保險類,上市 (TWSE)
6451,訊芯-KY,普通股,電子零組件業,電子科技類,上市 (TWSE)
6456,GIS-KY,普通股,資訊服務業,電子科技類,上市 (TWSE)
6461,益得,普通股,光電業,電子科技類,上櫃 (TPEx)
6462,神盾,普通股,電子零組件業,電子科技類,上櫃 (TPEx)
6464,台數科,普通股,半導體業,電子科技類,上市 (TWSE)
6465,威潤,普通股,其他電子業,電子科技類,上櫃 (TPEx)
6467,泰合,普通股,光電業,電子科技類,興櫃 (ESM)
6469,大樹,普通股,光電業,電子科技類,上櫃 (TPEx)
6470,宇智,普通股,其他電子業,電子科技類,上櫃 (TPEx)
6472,保瑞,普通股,光電業,電子科技類,上市 (TWSE)
6473,美賣*,普通股,未分類,其他/未分類,興櫃 (ESM)
6474,華豫寧,普通股,貿易百貨業,傳統產業類,上櫃 (TPEx)
6477,安集,普通股,資訊服務業,電子科技類,上市 (TWSE)
6482,弘煜科,普通股,綜合,傳統產業類,上櫃 (TPEx)
6483,原創生醫,普通股,光電業,電子科技類,興櫃 (ESM)
6485,點序,普通股,電子零組件業,電子科技類,上櫃 (TPEx)
6486,互動,普通股,其他電子業,電子科技類,上櫃 (TPEx)
6488,環球晶,普通股,電子零組件業,電子科技類,上櫃 (TPEx)
6491,晶碩,普通股,光電業,電子科技類,上市 (TWSE)
6492,生華科,普通股,光電業,電子科技類,上櫃 (TPEx)
6493,雷虎生,普通股,光電業,電子科技類,興櫃 (ESM)
6494,九齊,普通股,電子零組件業,電子科技類,上櫃 (TPEx)
6496,科懋,普通股,光電業,電子科技類,上櫃 (TPEx)
6498,久禾光,普通股,資訊服務業,電子科技類,上櫃 (TPEx)
6499,益安,普通股,光電業,電子科技類,上櫃 (TPEx)
6504,南六,普通股,半導體業,電子科技類,上市 (TWSE)
6505,台塑化,普通股,通信網路業,電子科技類,上市 (TWSE)
6506,雙邦,普通股,紡織纖維,傳統產業類,上櫃 (TPEx)
6508,惠光,普通股,其他業,傳統產業類,上櫃 (TPEx)
6509,聚和,普通股,電腦及週邊設備業,電子科技類,上櫃 (TPEx)
6510,精測,普通股,電子零組件業,電子科技類,上櫃 (TPEx)
6512,啟發電,普通股,居家生活,傳統產業類,上櫃 (TPEx)
6515,穎崴,普通股,電子零組件業,電子科技類,上市 (TWSE)
6516,勤崴國際,普通股,運動休閒,傳統產業類,上櫃 (TPEx)
6517,保勝光學,普通股,資訊服務業,電子科技類,上櫃 (TPEx)
6518,康科特,普通股,光電業,電子科技類,興櫃 (ESM)
6523,達爾膚,普通股,光電業,電子科技類,上櫃 (TPEx)
6525,捷敏-KY,普通股,電子零組件業,電子科技類,上市 (TWSE)
6526,達發,普通股,電子零組件業,電子科技類,上市 (TWSE)
6527,明達醫,普通股,光電業,電子科技類,上櫃 (TPEx)
6530,創威,普通股,其他電子業,電子科技類,上櫃 (TPEx)
6531,愛普*,普通股,電子零組件業,電子科技類,上市 (TWSE)
6532,瑞耘,普通股,電子零組件業,電子科技類,上櫃 (TPEx)
6533,晶心科,普通股,電子零組件業,電子科技類,上市 (TWSE)
6534,正瀚-創,普通股,光電業,電子科技類,上市 (TWSE)
6535,順藥,普通股,光電業,電子科技類,上櫃 (TPEx)
6536,碩豐,普通股,運動休閒,傳統產業類,興櫃 (ESM)
6538,倉和,普通股,金融保險業,金融保險類,上櫃 (TPEx)
6539,麗彤,普通股,光電業,電子科技類,興櫃 (ESM)
6541,泰福-KY,普通股,光電業,電子科技類,上市 (TWSE)
6542,隆中,普通股,綜合,傳統產業類,上櫃 (TPEx)
6543,普惠醫工,普通股,光電業,電子科技類,興櫃 (ESM)
6546,正基,普通股,其他電子業,電子科技類,上櫃 (TPEx)
6547,高端疫苗,普通股,光電業,電子科技類,上櫃 (TPEx)
6548,長科*,普通股,電子零組件業,電子科技類,上櫃 (TPEx)
6549,景凱,普通股,光電業,電子科技類,興櫃 (ESM)
6550,北極星藥業-KY,普通股,光電業,電子科技類,上市 (TWSE)
6552,易華電,普通股,電子零組件業,電子科技類,上市 (TWSE)
6555,榮炭,普通股,金融保險業,金融保險類,興櫃 (ESM)
6556,勝品,普通股,資訊服務業,電子科技類,上櫃 (TPEx)
6558,興能高,普通股,居家生活,傳統產業類,上市 (TWSE)
6559,研晶,普通股,資訊服務業,電子科技類,興櫃 (ESM)
6560,欣普羅,普通股,資訊服務業,電子科技類,上櫃 (TPEx)
6561,是方,普通股,其他電子業,電子科技類,上櫃 (TPEx)
6563,映智,普通股,電子零組件業,電子科技類,興櫃 (ESM)
6564,安特羅,普通股,光電業,電子科技類,興櫃 (ESM)
6565,物聯,普通股,未分類,其他/未分類,興櫃 (ESM)
6568,宏觀,普通股,電子零組件業,電子科技類,上櫃 (TPEx)
6569,醫揚,普通股,光電業,電子科技類,上櫃 (TPEx)
6570,維田,普通股,電子通路業,電子科技類,上櫃 (TPEx)
6572,博錸,普通股,光電業,電子科技類,興櫃 (ESM)
6573,虹揚-KY,普通股,電子零組件業,電子科技類,上市 (TWSE)
6574,霈方,普通股,光電業,電子科技類,上櫃 (TPEx)
6576,逸達,普通股,光電業,電子科技類,上櫃 (TPEx)
6577,勁豐,普通股,電子通路業,電子科技類,上櫃 (TPEx)
6578,達邦蛋白,普通股,其他業,傳統產業類,上櫃 (TPEx)
6579,研揚,普通股,電子通路業,電子科技類,上市 (TWSE)
6580,台睿,普通股,光電業,電子科技類,興櫃 (ESM)
6581,鋼聯,普通股,綠能環保,政策綠能類,上市 (TWSE)
6582,申豐,普通股,汽車工業,傳統產業類,上市 (TWSE)
6583,友松,普通股,綜合,傳統產業類,興櫃 (ESM)
6584,南俊國際,普通股,金融保險業,金融保險類,上櫃 (TPEx)
6585,鼎基,普通股,半導體業,電子科技類,上市 (TWSE)
6586,醣基,普通股,光電業,電子科技類,興櫃 (ESM)
6588,東典光電,普通股,其他電子業,電子科技類,上櫃 (TPEx)
6589,台康生技,普通股,光電業,電子科技類,上市 (TWSE)
6590,普鴻,普通股,運動休閒,傳統產業類,上櫃 (TPEx)
6591,動力-KY,普通股,電子通路業,電子科技類,上市 (TWSE)
6592,和潤企業,普通股,半導體業,電子科技類,上市 (TWSE)
6593,台灣銘板,普通股,運動休閒,傳統產業類,上櫃 (TPEx)
6595,光禹國際,普通股,綜合,傳統產業類,興櫃 (ESM)
6596,寬宏藝術,普通股,綜合,傳統產業類,上櫃 (TPEx)
6597,立誠,普通股,金融保險業,金融保險類,上櫃 (TPEx)
6598,ABC-KY,普通股,光電業,電子科技類,上市 (TWSE)
6599,普達系統,普通股,電子通路業,電子科技類,興櫃 (ESM)
6603,富強鑫,普通股,電機機械,傳統產業類,上櫃 (TPEx)
6604,儒億,普通股,電機機械,傳統產業類,興櫃 (ESM)
6605,帝寶,普通股,建材營造,傳統產業類,上市 (TWSE)
6606,建德工業,普通股,電機機械,傳統產業類,上市 (TWSE)
6609,瀧澤科,普通股,電機機械,傳統產業類,上櫃 (TPEx)
6610,安成生技,普通股,光電業,電子科技類,興櫃 (ESM)
6612,奈米醫材,普通股,光電業,電子科技類,上櫃 (TPEx)
6613,朋億*,普通股,居家生活,傳統產業類,上櫃 (TPEx)
6614,資拓宏宇,普通股,未分類,其他/未分類,上市 (TWSE)
6615,慧智,普通股,光電業,電子科技類,上櫃 (TPEx)
6616,特昇-KY,普通股,未分類,其他/未分類,上櫃 (TPEx)
6617,共信-KY,普通股,光電業,電子科技類,上櫃 (TPEx)
6618,永虹先進,普通股,電腦及週邊設備業,電子科技類,興櫃 (ESM)
6620,漢達,普通股,光電業,電子科技類,上櫃 (TPEx)
6621,華宇藥,普通股,光電業,電子科技類,興櫃 (ESM)
6622,百聿數碼,普通股,綜合,傳統產業類,興櫃 (ESM)
6624,萬年清,普通股,綠能環保,政策綠能類,上櫃 (TPEx)
6625,必應,普通股,半導體業,電子科技類,上市 (TWSE)
6629,泰金-KY,普通股,未分類,其他/未分類,上櫃 (TPEx)
6634,欣耀,普通股,光電業,電子科技類,興櫃 (ESM)
6637,醫影,普通股,光電業,電子科技類,上櫃 (TPEx)
6638,沅聖,普通股,電子通路業,電子科技類,興櫃 (ESM)
6639,源大環能,普通股,通信網路業,電子科技類,興櫃 (ESM)
6640,均華,普通股,電子零組件業,電子科技類,上櫃 (TPEx)
6641,基士德-KY,普通股,綠能環保,政策綠能類,上市 (TWSE)
6642,富致,普通股,金融保險業,金融保險類,上櫃 (TPEx)
6643,M31,普通股,電子零組件業,電子科技類,上櫃 (TPEx)
6645,金萬林-創,普通股,光電業,電子科技類,上市 (TWSE)
6648,斯其大,普通股,居家生活,傳統產業類,興櫃 (ESM)
6649,台生材,普通股,光電業,電子科技類,上櫃 (TPEx)
6650,帝圖,普通股,綜合,傳統產業類,興櫃 (ESM)
6651,全宇昕,普通股,電子零組件業,電子科技類,上櫃 (TPEx)
6654,天正國際,普通股,居家生活,傳統產業類,上櫃 (TPEx)
6655,科定,普通股,半導體業,電子科技類,上市 (TWSE)
6657,華安,普通股,光電業,電子科技類,上市 (TWSE)
6658,聯策,普通股,居家生活,傳統產業類,上市 (TWSE)
6659,天明製藥,普通股,光電業,電子科技類,興櫃 (ESM)
6661,威健生技,普通股,光電業,電子科技類,上櫃 (TPEx)
6662,樂斯科,普通股,光電業,電子科技類,上櫃 (TPEx)
6664,群翊,普通股,金融保險業,金融保險類,上櫃 (TPEx)
6665,康聯生醫,普通股,光電業,電子科技類,興櫃 (ESM)
6666,羅麗芬-KY,普通股,光電業,電子科技類,上市 (TWSE)
6667,信紘科,普通股,居家生活,傳統產業類,上櫃 (TPEx)
6668,中揚光,普通股,資訊服務業,電子科技類,上市 (TWSE)
6669,緯穎,普通股,電子通路業,電子科技類,上市 (TWSE)
6670,復盛應用,普通股,未分類,其他/未分類,上市 (TWSE)
6671,三能-KY,普通股,未分類,其他/未分類,上市 (TWSE)
6672,騰輝電子-KY,普通股,金融保險業,金融保險類,上市 (TWSE)
6673,和詮,普通股,資訊服務業,電子科技類,興櫃 (ESM)
6674,鋐寶科技,普通股,其他電子業,電子科技類,上市 (TWSE)
6676,祥翊,普通股,光電業,電子科技類,興櫃 (ESM)
6677,瑩碩生技,普通股,光電業,電子科技類,興櫃 (ESM)
6679,鈺太,普通股,電子零組件業,電子科技類,上櫃 (TPEx)
6680,鑫創電子,普通股,電子通路業,電子科技類,上櫃 (TPEx)
6682,華旭先進,普通股,資訊服務業,電子科技類,興櫃 (ESM)
6683,雍智科技,普通股,電子零組件業,電子科技類,上櫃 (TPEx)
6684,安格,普通股,電子零組件業,電子科技類,上櫃 (TPEx)
6689,伊雲谷,普通股,未分類,其他/未分類,上市 (TWSE)
6690,安碁資訊,普通股,未分類,其他/未分類,上櫃 (TPEx)
6691,洋基工程,普通股,居家生活,傳統產業類,上市 (TWSE)
6692,進能服,普通股,綠能環保,政策綠能類,上櫃 (TPEx)
6693,廣閎科,普通股,電子零組件業,電子科技類,上櫃 (TPEx)
6695,芯鼎,普通股,電子零組件業,電子科技類,上市 (TWSE)
6696,仁新,普通股,光電業,電子科技類,興櫃 (ESM)
6697,東捷資訊,普通股,運動休閒,傳統產業類,上櫃 (TPEx)
6698,旭暉應材,普通股,居家生活,傳統產業類,上市 (TWSE)
6703,軒郁,普通股,光電業,電子科技類,上櫃 (TPEx)
6704,國璽幹細胞,普通股,光電業,電子科技類,興櫃 (ESM)
6705,振躍精密,普通股,電機機械,傳統產業類,興櫃 (ESM)
6706,惠特,普通股,資訊服務業,電子科技類,上市 (TWSE)
6707,富基電通,普通股,貿易百貨業,傳統產業類,興櫃 (ESM)
6708,天擎,普通股,電子零組件業,電子科技類,上櫃 (TPEx)
6709,昱厚生技,普通股,光電業,電子科技類,興櫃 (ESM)
6712,長聖,普通股,光電業,電子科技類,上櫃 (TPEx)
6715,嘉基,普通股,金融保險業,金融保險類,上市 (TWSE)
6716,應廣,普通股,電子零組件業,電子科技類,上櫃 (TPEx)
6719,力智,普通股,電子零組件業,電子科技類,上市 (TWSE)
6720,久昌,普通股,電子零組件業,電子科技類,上櫃 (TPEx)
6721,信實,普通股,半導體業,電子科技類,上櫃 (TPEx)
6722,輝創,普通股,居家生活,傳統產業類,上市 (TWSE)
6723,傑智環境,普通股,綠能環保,政策綠能類,興櫃 (ESM)
6725,矽科宏晟,普通股,居家生活,傳統產業類,上櫃 (TPEx)
6727,亞泰金屬,普通股,金融保險業,金融保險類,上櫃 (TPEx)
6728,上洋,普通股,未分類,其他/未分類,上櫃 (TPEx)
6729,機光科技,普通股,資訊服務業,電子科技類,興櫃 (ESM)
6730,常廣,普通股,光電業,電子科技類,上櫃 (TPEx)
6732,昇佳電子,普通股,電子零組件業,電子科技類,上櫃 (TPEx)
6733,博晟生醫,普通股,光電業,電子科技類,上櫃 (TPEx)
6734,安盛生,普通股,光電業,電子科技類,興櫃 (ESM)
6735,美達科技,普通股,居家生活,傳統產業類,上櫃 (TPEx)
6737,秀育,普通股,電子通路業,電子科技類,興櫃 (ESM)
6738,鼎恒,普通股,運動休閒,傳統產業類,興櫃 (ESM)
6739,竹陞科技,普通股,居家生活,傳統產業類,上櫃 (TPEx)
6741,91APP*-KY,普通股,未分類,其他/未分類,上櫃 (TPEx)
6742,澤米,普通股,資訊服務業,電子科技類,上市 (TWSE)
6743,安普新,普通股,居家生活,傳統產業類,上市 (TWSE)
6744,豐技生技,普通股,光電業,電子科技類,興櫃 (ESM)
6748,亞果生醫,普通股,光電業,電子科技類,興櫃 (ESM)
6750,泰創工程,普通股,居家生活,傳統產業類,興櫃 (ESM)
6751,智聯服務,普通股,運動休閒,傳統產業類,上櫃 (TPEx)
6752,叡揚,普通股,運動休閒,傳統產業類,上櫃 (TPEx)
6753,龍德造船,普通股,貿易百貨業,傳統產業類,上市 (TWSE)
6754,匯僑設計,普通股,未分類,其他/未分類,上市 (TWSE)
6755,連鋐科技,普通股,金融保險業,金融保險類,興櫃 (ESM)
6756,威鋒電子,普通股,電子零組件業,電子科技類,上市 (TWSE)
6757,台灣虎航,普通股,貿易百貨業,傳統產業類,上市 (TWSE)
6758,冠亞,普通股,光電業,電子科技類,興櫃 (ESM)
6761,穩得,普通股,金融保險業,金融保險類,上櫃 (TPEx)
6762,達亞,普通股,光電業,電子科技類,上櫃 (TPEx)
6763,綠界科技*,普通股,未分類,其他/未分類,上櫃 (TPEx)
6767,台微醫,普通股,光電業,電子科技類,上櫃 (TPEx)
6768,志強-KY,普通股,未分類,其他/未分類,上市 (TWSE)
6770,力積電,普通股,電子零組件業,電子科技類,上市 (TWSE)
6771,平和環保-創,普通股,綠能環保,政策綠能類,上市 (TWSE)
6775,穎台科技,普通股,資訊服務業,電子科技類,興櫃 (ESM)
6776,展碁國際,普通股,貿易百貨業,傳統產業類,上市 (TWSE)
6780,學習王,普通股,綜合,傳統產業類,興櫃 (ESM)
6781,AES-KY,普通股,金融保險業,金融保險類,上市 (TWSE)
6782,視陽,普通股,光電業,電子科技類,上市 (TWSE)
6784,天凱科技,普通股,其他電子業,電子科技類,興櫃 (ESM)
6785,昱展新藥,普通股,光電業,電子科技類,上櫃 (TPEx)
6786,芯測,普通股,電子零組件業,電子科技類,興櫃 (ESM)
6787,晶瑞光,普通股,資訊服務業,電子科技類,興櫃 (ESM)
6788,華景電,普通股,電子零組件業,電子科技類,上櫃 (TPEx)
6789,采鈺,普通股,電子零組件業,電子科技類,上市 (TWSE)
6790,永豐實,普通股,鋼鐵工業,傳統產業類,上市 (TWSE)
6791,虎門科技,普通股,運動休閒,傳統產業類,上櫃 (TPEx)
6792,詠業,普通股,其他電子業,電子科技類,上市 (TWSE)
6793,天力離岸,普通股,半導體業,電子科技類,興櫃 (ESM)
6794,向榮生技,普通股,光電業,電子科技類,上市 (TWSE)
6796,晉弘,普通股,光電業,電子科技類,上市 (TWSE)
6797,圓點奈米,普通股,光電業,電子科技類,興櫃 (ESM)
6798,展逸,普通股,未分類,其他/未分類,興櫃 (ESM)
6799,來頡,普通股,電子零組件業,電子科技類,上市 (TWSE)
6803,崑鼎,普通股,綠能環保,政策綠能類,上櫃 (TPEx)
6804,明係,普通股,未分類,其他/未分類,上櫃 (TPEx)
6805,富世達,普通股,金融保險業,金融保險類,上市 (TWSE)
6806,森崴能源,普通股,綠能環保,政策綠能類,上市 (TWSE)
6807,峰源-KY,普通股,未分類,其他/未分類,上市 (TWSE)
6808,三鼎生技,普通股,光電業,電子科技類,興櫃 (ESM)
6810,新穎生醫,普通股,光電業,電子科技類,興櫃 (ESM)
6811,宏碁資訊,普通股,未分類,其他/未分類,上櫃 (TPEx)
6812,梭特,普通股,資訊服務業,電子科技類,興櫃 (ESM)
6814,路迦生醫,普通股,光電業,電子科技類,興櫃 (ESM)
6815,晶鑽生醫,普通股,光電業,電子科技類,興櫃 (ESM)
6816,捷智商訊,普通股,運動休閒,傳統產業類,興櫃 (ESM)
6817,溫士頓,普通股,光電業,電子科技類,興櫃 (ESM)
6818,連騰,普通股,其他電子業,電子科技類,興櫃 (ESM)
6819,眾智,普通股,電子零組件業,電子科技類,興櫃 (ESM)
6820,連訊,普通股,其他電子業,電子科技類,興櫃 (ESM)
6821,聯寶,普通股,金融保險業,金融保險類,上櫃 (TPEx)
6823,濾能,普通股,電子零組件業,電子科技類,上櫃 (TPEx)
6825,和暢科技,普通股,電子通路業,電子科技類,興櫃 (ESM)
6826,和淞,普通股,居家生活,傳統產業類,興櫃 (ESM)
6827,巨生醫,普通股,光電業,電子科技類,興櫃 (ESM)
6829,千附精密,普通股,電子零組件業,電子科技類,上櫃 (TPEx)
6830,汎銓,普通股,居家生活,傳統產業類,上市 (TWSE)
6831,邁科,普通股,電子通路業,電子科技類,上市 (TWSE)
6832,金鼎科,普通股,半導體業,電子科技類,興櫃 (ESM)
6833,太康精密,普通股,金融保險業,金融保險類,興櫃 (ESM)
6834,天二科技,普通股,金融保險業,金融保險類,上市 (TWSE)
6835,圓裕,普通股,金融保險業,金融保險類,上市 (TWSE)
6838,台新藥,普通股,光電業,電子科技類,上市 (TWSE)
6839,開陽能源,普通股,綠能環保,政策綠能類,興櫃 (ESM)
6840,東研信超,普通股,居家生活,傳統產業類,上櫃 (TPEx)
6841,長佳智能,普通股,光電業,電子科技類,上櫃 (TPEx)
6842,瑞宇,普通股,電子零組件業,電子科技類,興櫃 (ESM)
6843,進典,普通股,電機機械,傳統產業類,上櫃 (TPEx)
6844,諾貝兒,普通股,光電業,電子科技類,上櫃 (TPEx)
6846,綠茵,普通股,食品工業,傳統產業類,上櫃 (TPEx)
6847,普瑞博,普通股,光電業,電子科技類,興櫃 (ESM)
6848,拉法醫,普通股,光電業,電子科技類,興櫃 (ESM)
6849,奇鼎科技,普通股,居家生活,傳統產業類,興櫃 (ESM)
6850,光鼎生技,普通股,光電業,電子科技類,興櫃 (ESM)
6854,錼創科技-KY創,普通股,電子零組件業,電子科技類,上市 (TWSE)
6855,數泓科,普通股,居家生活,傳統產業類,上櫃 (TPEx)
6856,鑫傳,普通股,綜合,傳統產業類,上櫃 (TPEx)
6857,宏碁智醫,普通股,光電業,電子科技類,興櫃 (ESM)
6858,愛比科技,普通股,電子通路業,電子科技類,興櫃 (ESM)
6859,伯特光,普通股,資訊服務業,電子科技類,上櫃 (TPEx)
6861,睿生光電,普通股,光電業,電子科技類,上市 (TWSE)
6862,三集瑞-KY,普通股,金融保險業,金融保險類,上市 (TWSE)
6863,永道-KY,普通股,其他電子業,電子科技類,上市 (TWSE)
6864,元樟生技,普通股,光電業,電子科技類,興櫃 (ESM)
6865,偉康科技,普通股,未分類,其他/未分類,上櫃 (TPEx)
6867,坦德科技,普通股,資訊服務業,電子科技類,興櫃 (ESM)
6868,采威國際,普通股,運動休閒,傳統產業類,興櫃 (ESM)
6869,雲豹能源,普通股,綠能環保,政策綠能類,上市 (TWSE)
6870,騰雲,普通股,未分類,其他/未分類,上櫃 (TPEx)
6872,浩宇生醫,普通股,光電業,電子科技類,上櫃 (TPEx)
6873,泓德能源,普通股,綠能環保,政策綠能類,上市 (TWSE)
6874,倍力,普通股,運動休閒,傳統產業類,上櫃 (TPEx)
6875,國邑*,普通股,光電業,電子科技類,上櫃 (TPEx)
6876,朗齊生醫*,普通股,光電業,電子科技類,興櫃 (ESM)
6877,鏵友益,普通股,居家生活,傳統產業類,上櫃 (TPEx)
6878,歐付寶,普通股,化學工業,傳統產業類,興櫃 (ESM)
6879,大江基因,普通股,光電業,電子科技類,興櫃 (ESM)
6881,潤德,普通股,半導體業,電子科技類,上櫃 (TPEx)
6882,甲尚,普通股,運動休閒,傳統產業類,興櫃 (ESM)
6883,微電能源,普通股,綠能環保,政策綠能類,興櫃 (ESM)
6884,海柏特,普通股,運動休閒,傳統產業類,上櫃 (TPEx)
6885,全福生技,普通股,光電業,電子科技類,上市 (TWSE)
6886,遠東生技,普通股,食品工業,傳統產業類,興櫃 (ESM)
6887,寶綠特-KY,普通股,綠能環保,政策綠能類,上市 (TWSE)
6890,來億-KY,普通股,未分類,其他/未分類,上市 (TWSE)
6891,樂迦再生,普通股,光電業,電子科技類,興櫃 (ESM)
6892,台寶生醫,普通股,光電業,電子科技類,興櫃 (ESM)
6894,衛司特,普通股,綠能環保,政策綠能類,上櫃 (TPEx)
6895,宏碩系統,普通股,電子零組件業,電子科技類,上櫃 (TPEx)
6898,程曦資訊,普通股,運動休閒,傳統產業類,興櫃 (ESM)
6899,創為精密,普通股,資訊服務業,電子科技類,上櫃 (TPEx)
6901,鑽石投資,普通股,半導體業,電子科技類,上市 (TWSE)
6902,GOGOLOOK,普通股,未分類,其他/未分類,上市 (TWSE)
6903,巨漢,普通股,居家生活,傳統產業類,上櫃 (TPEx)
6904,伯鑫,普通股,半導體業,電子科技類,上櫃 (TPEx)
6906,現觀科,普通股,未分類,其他/未分類,上市 (TWSE)
6907,雅特力-KY,普通股,電子零組件業,電子科技類,上櫃 (TPEx)
6908,宏碁遊戲-創,普通股,貿易百貨業,傳統產業類,上市 (TWSE)
6909,創控,普通股,電子零組件業,電子科技類,上市 (TWSE)
6910,德鴻,普通股,未分類,其他/未分類,上櫃 (TPEx)
6911,群運,普通股,半導體業,電子科技類,興櫃 (ESM)
6912,益鈞環科*,普通股,綠能環保,政策綠能類,興櫃 (ESM)
6913,鴻呈,普通股,金融保險業,金融保險類,上櫃 (TPEx)
6914,阜爾運通,普通股,半導體業,電子科技類,上市 (TWSE)
6915,美強光,普通股,金融保險業,金融保險類,興櫃 (ESM)
6916,華凌,普通股,資訊服務業,電子科技類,上市 (TWSE)
6917,竟天,普通股,光電業,電子科技類,興櫃 (ESM)
6918,愛派司,普通股,光電業,電子科技類,上市 (TWSE)
6919,康霈*,普通股,光電業,電子科技類,上市 (TWSE)
6920,恆勁科技,普通股,電子零組件業,電子科技類,興櫃 (ESM)
6921,嘉雨思-創,普通股,電子零組件業,電子科技類,上市 (TWSE)
6922,宸曜,普通股,電子通路業,電子科技類,上櫃 (TPEx)
6923,中台,普通股,綠能環保,政策綠能類,上市 (TWSE)
6924,榮惠-KY創,普通股,金融保險業,金融保險類,上市 (TWSE)
6925,意藍,普通股,未分類,其他/未分類,上櫃 (TPEx)
6926,聖安生醫,普通股,光電業,電子科技類,興櫃 (ESM)
6927,聯合聚晶,普通股,電子零組件業,電子科技類,興櫃 (ESM)
6928,攸泰科技,普通股,電子通路業,電子科技類,上市 (TWSE)
6929,佑全,普通股,光電業,電子科技類,上櫃 (TPEx)
6931,青松健康,普通股,光電業,電子科技類,上市 (TWSE)
6932,水星生醫*,普通股,光電業,電子科技類,興櫃 (ESM)
6933,AMAX-KY,普通股,電子通路業,電子科技類,上市 (TWSE)
6934,心誠鎂,普通股,光電業,電子科技類,上市 (TWSE)
6935,王子製藥,普通股,食品工業,傳統產業類,興櫃 (ESM)
6936,永鴻生技,普通股,光電業,電子科技類,上市 (TWSE)
6937,天虹,普通股,電子零組件業,電子科技類,上市 (TWSE)
6938,藍新資訊,普通股,運動休閒,傳統產業類,興櫃 (ESM)
6939,啟弘生技,普通股,光電業,電子科技類,興櫃 (ESM)
6940,格斯科技*,普通股,金融保險業,金融保險類,興櫃 (ESM)
6944,兆聯實業,普通股,綠能環保,政策綠能類,上市 (TWSE)
6946,三地能源,普通股,綠能環保,政策綠能類,興櫃 (ESM)
6947,台鎔科技,普通股,綠能環保,政策綠能類,興櫃 (ESM)
6949,沛爾生醫-創,普通股,光電業,電子科技類,上市 (TWSE)
6951,青新-創,普通股,綠能環保,政策綠能類,上市 (TWSE)
6952,大武山,普通股,半導體業,電子科技類,上市 (TWSE)
6953,家碩,普通股,電子零組件業,電子科技類,上櫃 (TPEx)
6955,邦睿生技-創,普通股,光電業,電子科技類,上市 (TWSE)
6957,裕慶-KY,普通股,半導體業,電子科技類,上市 (TWSE)
6958,日盛台駿,普通股,半導體業,電子科技類,上市 (TWSE)
6959,兆捷科技,普通股,電腦及週邊設備業,電子科技類,興櫃 (ESM)
6961,旅天下,普通股,油電燃氣業,傳統產業類,上櫃 (TPEx)
6962,奕力-KY,普通股,電子零組件業,電子科技類,上市 (TWSE)
6963,品元,普通股,食品工業,傳統產業類,興櫃 (ESM)
6965,中傑-KY,普通股,未分類,其他/未分類,上市 (TWSE)
6967,汎瑋材料,普通股,金融保險業,金融保險類,上櫃 (TPEx)
6968,萬達寵物,普通股,未分類,其他/未分類,上櫃 (TPEx)
6969,成信實業*-創,普通股,綠能環保,政策綠能類,上市 (TWSE)
6971,惠民實業,普通股,綠能環保,政策綠能類,上櫃 (TPEx)
6972,博瑞達應材,普通股,電腦及週邊設備業,電子科技類,興櫃 (ESM)
6973,永立榮,普通股,光電業,電子科技類,興櫃 (ESM)
6976,育世博-KY,普通股,光電業,電子科技類,興櫃 (ESM)
6977,聯純,普通股,綠能環保,政策綠能類,興櫃 (ESM)
6979,勝釩,普通股,資訊服務業,電子科技類,興櫃 (ESM)
6980,鐳洋科技,普通股,其他電子業,電子科技類,興櫃 (ESM)
6982,大井泵浦,普通股,電機機械,傳統產業類,上櫃 (TPEx)
6983,華洋精機,普通股,居家生活,傳統產業類,上櫃 (TPEx)
6984,ACpay,普通股,未分類,其他/未分類,興櫃 (ESM)
6986,和迅,普通股,光電業,電子科技類,興櫃 (ESM)
6987,寶晶能源*,普通股,綠能環保,政策綠能類,興櫃 (ESM)
6988,威力暘-創,普通股,建材營造,傳統產業類,上市 (TWSE)
6990,華鉬,普通股,綠能環保,政策綠能類,興櫃 (ESM)
6994,富威電力,普通股,綠能環保,政策綠能類,上市 (TWSE)
6995,野獸國,普通股,半導體業,電子科技類,興櫃 (ESM)
6996,力領科技,普通股,電子零組件業,電子科技類,上櫃 (TPEx)
6997,博弘,普通股,未分類,其他/未分類,上櫃 (TPEx)
6999,瀚醫生技,普通股,光電業,電子科技類,興櫃 (ESM)
7402,邑錡,普通股,資訊服務業,電子科技類,上櫃 (TPEx)
7419,達勝,普通股,金融保險業,金融保險類,興櫃 (ESM)
7427,華上生醫,普通股,光電業,電子科技類,興櫃 (ESM)
7443,凡事康,普通股,半導體業,電子科技類,興櫃 (ESM)
7455,樺緯物聯,普通股,電子通路業,電子科技類,興櫃 (ESM)
7507,環拓科技,普通股,綠能環保,政策綠能類,興櫃 (ESM)
7516,清淨海,普通股,半導體業,電子科技類,興櫃 (ESM)
7530,鋒魁科技,普通股,電子零組件業,電子科技類,興櫃 (ESM)
7547,碩網,普通股,未分類,其他/未分類,上櫃 (TPEx)
7551,知識科技,普通股,未分類,其他/未分類,興櫃 (ESM)
7556,意德士科技,普通股,電子零組件業,電子科技類,上櫃 (TPEx)
7558,群利科技,普通股,半導體業,電子科技類,興櫃 (ESM)
7561,光晟生技,普通股,光電業,電子科技類,興櫃 (ESM)
7562,博來科技,普通股,電子通路業,電子科技類,興櫃 (ESM)
7566,亞果遊艇,普通股,油電燃氣業,傳統產業類,興櫃 (ESM)
7575,安美得,普通股,光電業,電子科技類,興櫃 (ESM)
7578,利百景,普通股,半導體業,電子科技類,興櫃 (ESM)
7583,國際海洋,普通股,綠能環保,政策綠能類,興櫃 (ESM)
7584,樂意,普通股,綜合,傳統產業類,上櫃 (TPEx)
7590,怡和國際,普通股,半導體業,電子科技類,興櫃 (ESM)
7595,世基生醫,普通股,光電業,電子科技類,興櫃 (ESM)
7607,通用幹細胞*,普通股,光電業,電子科技類,興櫃 (ESM)
7610,聯友金屬-創,普通股,綠能環保,政策綠能類,上市 (TWSE)
7631,聚賢研發-創,普通股,居家生活,傳統產業類,上市 (TWSE)
7642,昶瑞機電,普通股,電機機械,傳統產業類,上櫃 (TPEx)
7669,碩正科技,普通股,電子零組件業,電子科技類,興櫃 (ESM)
7689,大鵬科CLMX,普通股,其他電子業,電子科技類,興櫃 (ESM)
7702,前端風電,普通股,綠能環保,政策綠能類,興櫃 (ESM)
7703,銳澤,普通股,居家生活,傳統產業類,上櫃 (TPEx)
7704,明遠精密,普通股,電子零組件業,電子科技類,上櫃 (TPEx)
7705,三商餐飲,普通股,油電燃氣業,傳統產業類,上市 (TWSE)
7706,宏碁創達,普通股,半導體業,電子科技類,興櫃 (ESM)
7707,益芯科,普通股,電子零組件業,電子科技類,興櫃 (ESM)
7708,全家餐飲,普通股,油電燃氣業,傳統產業類,上櫃 (TPEx)
7709,榮田,普通股,電機機械,傳統產業類,上櫃 (TPEx)
7710,東擎科技,普通股,電子通路業,電子科技類,興櫃 (ESM)
7711,永擎,普通股,電子通路業,電子科技類,上市 (TWSE)
7712,博盛半導體,普通股,電子零組件業,電子科技類,上櫃 (TPEx)
7713,威力德生醫,普通股,光電業,電子科技類,上櫃 (TPEx)
7714,創泓科技,普通股,未分類,其他/未分類,上櫃 (TPEx)
7715,裕山,普通股,綠能環保,政策綠能類,上櫃 (TPEx)
7716,昱臺國際,普通股,貿易百貨業,傳統產業類,上櫃 (TPEx)
7717,萊德光電-KY,普通股,其他電子業,電子科技類,上櫃 (TPEx)
7718,友鋮,普通股,電機機械,傳統產業類,上櫃 (TPEx)
7719,碳基,普通股,半導體業,電子科技類,興櫃 (ESM)
7721,微程式,普通股,未分類,其他/未分類,上市 (TWSE)
7722,LINEPAY,普通股,未分類,其他/未分類,上市 (TWSE)
7723,築間,普通股,油電燃氣業,傳統產業類,上櫃 (TPEx)
7724,諾亞克,普通股,光電業,電子科技類,興櫃 (ESM)
7725,列特博,普通股,光電業,電子科技類,興櫃 (ESM)
7726,暄達,普通股,光電業,電子科技類,興櫃 (ESM)
7728,光焱科技,普通股,居家生活,傳統產業類,上櫃 (TPEx)
7729,仲恩生醫,普通股,光電業,電子科技類,興櫃 (ESM)
7730,暉盛-創,普通股,電子零組件業,電子科技類,上市 (TWSE)
7731,火星生技*,普通股,食品工業,傳統產業類,興櫃 (ESM)
7732,金興精密,普通股,建材營造,傳統產業類,上市 (TWSE)
7734,印能科技,普通股,電子零組件業,電子科技類,上櫃 (TPEx)
7735,台智雲,普通股,運動休閒,傳統產業類,興櫃 (ESM)
7736,虎山,普通股,建材營造,傳統產業類,上市 (TWSE)
7737,凱鈿,普通股,未分類,其他/未分類,興櫃 (ESM)
7738,東聯互動,普通股,未分類,其他/未分類,上櫃 (TPEx)
7740,熙特爾-創,普通股,綠能環保,政策綠能類,上市 (TWSE)
7742,天弘化,普通股,電腦及週邊設備業,電子科技類,興櫃 (ESM)
7743,金利食安,普通股,食品工業,傳統產業類,上櫃 (TPEx)
7744,崴寶,普通股,金融保險業,金融保險類,上櫃 (TPEx)
7745,紅陽,普通股,未分類,其他/未分類,興櫃 (ESM)
7747,昕奇雲端,普通股,未分類,其他/未分類,上櫃 (TPEx)
7748,鑫囍創業,普通股,半導體業,電子科技類,興櫃 (ESM)
7749,意騰-KY,普通股,電子零組件業,電子科技類,上市 (TWSE)
7750,新代,普通股,電機機械,傳統產業類,上市 (TWSE)
7751,竑騰,普通股,電子零組件業,電子科技類,上櫃 (TPEx)
7752,世紀樺欣,普通股,綠能環保,政策綠能類,興櫃 (ESM)
7753,星亞,普通股,資訊服務業,電子科技類,上櫃 (TPEx)
7754,安基生技,普通股,光電業,電子科技類,興櫃 (ESM)
7756,多那之,普通股,油電燃氣業,傳統產業類,興櫃 (ESM)
7757,金色三麥,普通股,油電燃氣業,傳統產業類,上櫃 (TPEx)
7758,睿騰能源,普通股,金融保險業,金融保險類,興櫃 (ESM)
7759,視航生醫,普通股,光電業,電子科技類,興櫃 (ESM)
7760,享溫馨,普通股,油電燃氣業,傳統產業類,上市 (TWSE)
7761,三大未來,普通股,綠能環保,政策綠能類,興櫃 (ESM)
7762,吉晟生,普通股,光電業,電子科技類,興櫃 (ESM)
7763,崇舜,普通股,電腦及週邊設備業,電子科技類,興櫃 (ESM)
7764,聖州,普通股,半導體業,電子科技類,興櫃 (ESM)
7765,中華資安,普通股,未分類,其他/未分類,上市 (TWSE)
7767,仁大資訊,普通股,運動休閒,傳統產業類,上櫃 (TPEx)
7768,頌勝科技,普通股,電子零組件業,電子科技類,上市 (TWSE)
7769,鴻勁,普通股,電子零組件業,電子科技類,上市 (TWSE)
7770,君曜,普通股,電子零組件業,電子科技類,上櫃 (TPEx)
7771,綠基,普通股,資訊服務業,電子科技類,興櫃 (ESM)
7772,耀穎,普通股,電子零組件業,電子科技類,上櫃 (TPEx)
7773,富禾生醫,普通股,光電業,電子科技類,興櫃 (ESM)
7776,奧孟亞,普通股,光電業,電子科技類,興櫃 (ESM)
7777,能率亞洲,普通股,半導體業,電子科技類,上櫃 (TPEx)
7779,鍇睿國際,普通股,未分類,其他/未分類,興櫃 (ESM)
7780,大研生醫*,普通股,食品工業,傳統產業類,上市 (TWSE)
7781,昕力資*,普通股,未分類,其他/未分類,興櫃 (ESM)
7782,光速火箭,普通股,未分類,其他/未分類,上櫃 (TPEx)
7783,佳運,普通股,綠能環保,政策綠能類,興櫃 (ESM)
7784,安邦生技*,普通股,光電業,電子科技類,興櫃 (ESM)
7785,北祥科服,普通股,未分類,其他/未分類,興櫃 (ESM)
7786,東方風能,普通股,綠能環保,政策綠能類,上市 (TWSE)
7788,松川精密,普通股,金融保險業,金融保險類,上市 (TWSE)
7789,開展,普通股,油電燃氣業,傳統產業類,興櫃 (ESM)
7790,思必瑞特,普通股,光電業,電子科技類,興櫃 (ESM)
7791,皇家可口,普通股,食品工業,傳統產業類,上市 (TWSE)
7792,安葆,普通股,居家生活,傳統產業類,上櫃 (TPEx)
7794,宏碁智新,普通股,未分類,其他/未分類,上櫃 (TPEx)
7795,長廣,普通股,金融保險業,金融保險類,上市 (TWSE)
7796,擷發科,普通股,電子零組件業,電子科技類,興櫃 (ESM)
7797,Q Burger,普通股,油電燃氣業,傳統產業類,興櫃 (ESM)
7798,將捷,普通股,觀光餐旅,傳統產業類,興櫃 (ESM)
7799,禾榮科,普通股,光電業,電子科技類,上市 (TWSE)
7801,華芸科技,普通股,運動休閒,傳統產業類,興櫃 (ESM)
7803,雲象科技-創,普通股,光電業,電子科技類,上市 (TWSE)
7805,威聯通,普通股,未分類,其他/未分類,上櫃 (TPEx)
7806,精華生醫,普通股,食品工業,傳統產業類,興櫃 (ESM)
7808,訊聯智藥,普通股,光電業,電子科技類,興櫃 (ESM)
7810,捷創科技,普通股,電子零組件業,電子科技類,上櫃 (TPEx)
7811,民盛,普通股,未分類,其他/未分類,上櫃 (TPEx)
7812,稜研科技*,普通股,其他電子業,電子科技類,興櫃 (ESM)
7813,宇辰系統,普通股,居家生活,傳統產業類,興櫃 (ESM)
7814,海昌生技,普通股,光電業,電子科技類,興櫃 (ESM)
7815,新特,普通股,電子零組件業,電子科技類,興櫃 (ESM)
7816,來穎,普通股,金融保險業,金融保險類,興櫃 (ESM)
7818,溢泰實業,普通股,綠能環保,政策綠能類,上市 (TWSE)
7819,精誠金融,普通股,運動休閒,傳統產業類,上櫃 (TPEx)
7820,立盈,普通股,綠能環保,政策綠能類,上櫃 (TPEx)
7821,神數,普通股,建材營造,傳統產業類,上市 (TWSE)
7822,倍利科,普通股,電子零組件業,電子科技類,上市 (TWSE)
7823,奧義賽博-KY創,普通股,未分類,其他/未分類,上市 (TWSE)
7824,智寶,普通股,半導體業,電子科技類,興櫃 (ESM)
7825,和亞智慧,普通股,居家生活,傳統產業類,興櫃 (ESM)
7826,極風雲創,普通股,未分類,其他/未分類,興櫃 (ESM)
7827,漢康-KY創,普通股,光電業,電子科技類,上市 (TWSE)
7828,創新服務,普通股,電子零組件業,電子科技類,上櫃 (TPEx)
7829,思捷優達-KY,普通股,光電業,電子科技類,興櫃 (ESM)
7831,捷博,普通股,未分類,其他/未分類,興櫃 (ESM)
7832,智新生技*,普通股,光電業,電子科技類,興櫃 (ESM)
7833,綠岩能源,普通股,綠能環保,政策綠能類,興櫃 (ESM)
7834,來毅數位,普通股,運動休閒,傳統產業類,興櫃 (ESM)
7836,智生活,普通股,半導體業,電子科技類,興櫃 (ESM)
7837,啟新生,普通股,光電業,電子科技類,興櫃 (ESM)
7839,達人網,普通股,未分類,其他/未分類,興櫃 (ESM)
7840,祥圃,普通股,其他業,傳統產業類,興櫃 (ESM)
7841,經貿聯網,普通股,運動休閒,傳統產業類,興櫃 (ESM)
7842,天能綠電,普通股,綠能環保,政策綠能類,上櫃 (TPEx)
7843,英柏得,普通股,電子零組件業,電子科技類,興櫃 (ESM)
7846,德揚,普通股,綠能環保,政策綠能類,興櫃 (ESM)
7847,豊漁,普通股,油電燃氣業,傳統產業類,興櫃 (ESM)
7848,騏億鑫,普通股,居家生活,傳統產業類,興櫃 (ESM)
7849,旭誼,普通股,居家生活,傳統產業類,興櫃 (ESM)
7850,寶泰生醫,普通股,光電業,電子科技類,興櫃 (ESM)
7851,慧康生技*-KY,普通股,光電業,電子科技類,興櫃 (ESM)
7853,政美應用,普通股,電子零組件業,電子科技類,興櫃 (ESM)
7854,佐茂,普通股,電子通路業,電子科技類,興櫃 (ESM)
7855,和運租車,普通股,半導體業,電子科技類,興櫃 (ESM)
7856,漢測,普通股,電子零組件業,電子科技類,興櫃 (ESM)
7857,合水先進,普通股,綠能環保,政策綠能類,興櫃 (ESM)
7858,芝普,普通股,電腦及週邊設備業,電子科技類,興櫃 (ESM)
7860,得生製藥,普通股,光電業,電子科技類,興櫃 (ESM)
7861,貝爾威勒,普通股,金融保險業,金融保險類,興櫃 (ESM)
7862,聚泰,普通股,紡織纖維,傳統產業類,興櫃 (ESM)
7863,中科物流,普通股,貿易百貨業,傳統產業類,興櫃 (ESM)
7865,金聯成,普通股,綠能環保,政策綠能類,興櫃 (ESM)
7866,丹立,普通股,電子零組件業,電子科技類,興櫃 (ESM)
7867,特力屋,普通股,未分類,其他/未分類,興櫃 (ESM)
7868,聖育,普通股,運動休閒,傳統產業類,興櫃 (ESM)
7869,宏于電機,普通股,電機機械,傳統產業類,興櫃 (ESM)
7870,聯剛科技,普通股,居家生活,傳統產業類,興櫃 (ESM)
7871,安立璽榮-KY,普通股,光電業,電子科技類,興櫃 (ESM)
7872,登豐,普通股,電子零組件業,電子科技類,興櫃 (ESM)
7873,瑞峰,普通股,電子零組件業,電子科技類,興櫃 (ESM)
7875,安圖斯,普通股,電子通路業,電子科技類,興櫃 (ESM)
7876,鼎晉生技,普通股,光電業,電子科技類,興櫃 (ESM)
7877,海利普,普通股,綠能環保,政策綠能類,興櫃 (ESM)
7878,藥祇,普通股,光電業,電子科技類,興櫃 (ESM)
7879,益材科技,普通股,電機機械,傳統產業類,興櫃 (ESM)
7880,聖凰,普通股,電子零組件業,電子科技類,興櫃 (ESM)
7881,科明,普通股,光電業,電子科技類,興櫃 (ESM)
7882,倍利創投,普通股,半導體業,電子科技類,興櫃 (ESM)
7883,饗賓,普通股,油電燃氣業,傳統產業類,興櫃 (ESM)
7885,宏羚,普通股,居家生活,傳統產業類,興櫃 (ESM)
7886,科建,普通股,電子零組件業,電子科技類,興櫃 (ESM)
7887,宇川精材,普通股,電子零組件業,電子科技類,興櫃 (ESM)
7888,麗寶新藥,普通股,光電業,電子科技類,興櫃 (ESM)
7889,騰勢,普通股,食品工業,傳統產業類,興櫃 (ESM)
7890,明曜科技,普通股,綠能環保,政策綠能類,興櫃 (ESM)
7891,博研醫藥,普通股,光電業,電子科技類,興櫃 (ESM)
7892,元鈦科,普通股,電子通路業,電子科技類,興櫃 (ESM)
7893,睿信,普通股,金融保險業,金融保險類,興櫃 (ESM)
7895,元進莊,普通股,其他業,傳統產業類,興櫃 (ESM)
7896,喬越,普通股,金融保險業,金融保險類,興櫃 (ESM)
7897,禾迅綠電,普通股,綠能環保,政策綠能類,興櫃 (ESM)
7898,乾瞻,普通股,電子零組件業,電子科技類,興櫃 (ESM)
7899,景美,普通股,電子零組件業,電子科技類,興櫃 (ESM)
7901,大大寬頻,普通股,其他電子業,電子科技類,興櫃 (ESM)
7902,宇越生醫*,普通股,光電業,電子科技類,興櫃 (ESM)
7904,任開數位,普通股,未分類,其他/未分類,興櫃 (ESM)
7907,錸恩帕斯,普通股,居家生活,傳統產業類,興櫃 (ESM)
7909,鈺祥,普通股,電子零組件業,電子科技類,興櫃 (ESM)
7911,阿波羅電力,普通股,綠能環保,政策綠能類,興櫃 (ESM)
7912,新聿科,普通股,金融保險業,金融保險類,興櫃 (ESM)
7913,通寶半導體,普通股,電子零組件業,電子科技類,興櫃 (ESM)
7915,廌家,普通股,其他電子業,電子科技類,興櫃 (ESM)
7918,創鉅材料,普通股,電子零組件業,電子科技類,興櫃 (ESM)
7919,禾蒼,普通股,資訊服務業,電子科技類,興櫃 (ESM)
7920,瀚陽*,普通股,光電業,電子科技類,興櫃 (ESM)
7921,台普威,普通股,綠能環保,政策綠能類,興櫃 (ESM)
7922,源點*,普通股,綠能環保,政策綠能類,興櫃 (ESM)
8011,台通,普通股,其他電子業,電子科技類,上市 (TWSE)
8016,矽創,普通股,電子零組件業,電子科技類,上市 (TWSE)
8021,尖點,普通股,居家生活,傳統產業類,上市 (TWSE)
8024,佑華,普通股,電子零組件業,電子科技類,上櫃 (TPEx)
8027,鈦昇,普通股,電機機械,傳統產業類,上櫃 (TPEx)
8028,昇陽半導體,普通股,電子零組件業,電子科技類,上市 (TWSE)
8032,光菱,普通股,貿易百貨業,傳統產業類,上櫃 (TPEx)
8033,雷虎,普通股,半導體業,電子科技類,上市 (TWSE)
8034,榮群,普通股,其他電子業,電子科技類,上櫃 (TPEx)
8038,長園科,普通股,金融保險業,金融保險類,上櫃 (TPEx)
8039,台虹,普通股,金融保險業,金融保險類,上市 (TWSE)
8040,九暘,普通股,電子零組件業,電子科技類,上櫃 (TPEx)
8042,金山電,普通股,金融保險業,金融保險類,上櫃 (TPEx)
8043,蜜望實,普通股,金融保險業,金融保險類,上櫃 (TPEx)
8044,網家,普通股,未分類,其他/未分類,上櫃 (TPEx)
8045,達運光電,普通股,其他電子業,電子科技類,上市 (TWSE)
8046,南電,普通股,金融保險業,金融保險類,上市 (TWSE)
8047,星雲,普通股,居家生活,傳統產業類,上櫃 (TPEx)
8048,德勝,普通股,其他電子業,電子科技類,上櫃 (TPEx)
8049,晶采,普通股,資訊服務業,電子科技類,上櫃 (TPEx)
8050,廣積,普通股,電子通路業,電子科技類,上櫃 (TPEx)
8054,安國,普通股,電子零組件業,電子科技類,上櫃 (TPEx)
8058,耐特,普通股,居家生活,傳統產業類,興櫃 (ESM)
8059,凱碩,普通股,其他電子業,電子科技類,上櫃 (TPEx)
8064,東捷,普通股,資訊服務業,電子科技類,上櫃 (TPEx)
8066,來思達,普通股,未分類,其他/未分類,上櫃 (TPEx)
8067,志旭,普通股,貿易百貨業,傳統產業類,上櫃 (TPEx)
8068,全達,普通股,貿易百貨業,傳統產業類,上櫃 (TPEx)
8069,元太,普通股,資訊服務業,電子科技類,上櫃 (TPEx)
8070,長華*,普通股,貿易百貨業,傳統產業類,上市 (TWSE)
8071,能率網通,普通股,金融保險業,金融保險類,上櫃 (TPEx)
8072,陞泰,普通股,貿易百貨業,傳統產業類,上市 (TWSE)
8074,鉅橡,普通股,金融保險業,金融保險類,上櫃 (TPEx)
8076,伍豐,普通股,電子通路業,電子科技類,上櫃 (TPEx)
8077,洛碁,普通股,油電燃氣業,傳統產業類,上櫃 (TPEx)
8080,泰霖,普通股,觀光餐旅,傳統產業類,上櫃 (TPEx)
8081,致新,普通股,電子零組件業,電子科技類,上市 (TWSE)
8083,瑞穎,普通股,電機機械,傳統產業類,上櫃 (TPEx)
8084,巨虹,普通股,貿易百貨業,傳統產業類,上櫃 (TPEx)
8085,福華,普通股,居家生活,傳統產業類,上櫃 (TPEx)
8086,宏捷科,普通股,電子零組件業,電子科技類,上櫃 (TPEx)
8087,麗升能源,普通股,綠能環保,政策綠能類,上櫃 (TPEx)
8088,品安,普通股,電子零組件業,電子科技類,上櫃 (TPEx)
8089,康全電訊,普通股,其他電子業,電子科技類,上櫃 (TPEx)
8091,翔名,普通股,電子零組件業,電子科技類,上櫃 (TPEx)
8092,建暐,普通股,居家生活,傳統產業類,上櫃 (TPEx)
8093,保銳,普通股,金融保險業,金融保險類,上櫃 (TPEx)
8096,擎亞,普通股,貿易百貨業,傳統產業類,上櫃 (TPEx)
8097,常珵,普通股,其他電子業,電子科技類,上櫃 (TPEx)
8098,慶康科技,普通股,電子零組件業,電子科技類,興櫃 (ESM)
8099,大世科,普通股,運動休閒,傳統產業類,上櫃 (TPEx)
8101,華冠,普通股,其他電子業,電子科技類,上市 (TWSE)
8102,傑霖科技,普通股,電子零組件業,電子科技類,上櫃 (TPEx)
8103,瀚荃,普通股,金融保險業,金融保險類,上市 (TWSE)
8104,錸寶,普通股,資訊服務業,電子科技類,上市 (TWSE)
8105,凌巨,普通股,資訊服務業,電子科技類,上市 (TWSE)
8107,大億金茂,普通股,電機機械,傳統產業類,上櫃 (TPEx)
8109,博大,普通股,金融保險業,金融保險類,上櫃 (TPEx)
8110,華東,普通股,電子零組件業,電子科技類,上市 (TWSE)
8111,立碁,普通股,資訊服務業,電子科技類,上櫃 (TPEx)
8112,至上,普通股,貿易百貨業,傳統產業類,上市 (TWSE)
8114,振樺電,普通股,電子通路業,電子科技類,上市 (TWSE)
8119,公信,普通股,電子通路業,電子科技類,興櫃 (ESM)
8121,越峰,普通股,金融保險業,金融保險類,上櫃 (TPEx)
8131,福懋科,普通股,電子零組件業,電子科技類,上市 (TWSE)
8147,正淩,普通股,金融保險業,金融保險類,上櫃 (TPEx)
8150,南茂,普通股,電子零組件業,電子科技類,上市 (TWSE)
8155,博智,普通股,金融保險業,金融保險類,上櫃 (TPEx)
8162,微矽電子-創,普通股,電子零組件業,電子科技類,上市 (TWSE)
8163,達方,普通股,電子通路業,電子科技類,上市 (TWSE)
8171,天宇,普通股,綠能環保,政策綠能類,上櫃 (TPEx)
8176,智捷,普通股,其他電子業,電子科技類,上櫃 (TPEx)
8182,加高,普通股,金融保險業,金融保險類,上櫃 (TPEx)
8183,精星,普通股,居家生活,傳統產業類,上櫃 (TPEx)
8201,無敵,普通股,居家生活,傳統產業類,上市 (TWSE)
8210,勤誠,普通股,電子通路業,電子科技類,上市 (TWSE)
8213,志超,普通股,金融保險業,金融保險類,上市 (TWSE)
8215,明基材,普通股,資訊服務業,電子科技類,上市 (TWSE)
8222,寶一,普通股,電機機械,傳統產業類,上市 (TWSE)
8227,巨有科技,普通股,電子零組件業,電子科技類,上櫃 (TPEx)
8234,新漢,普通股,電子通路業,電子科技類,上櫃 (TPEx)
8240,華宏,普通股,資訊服務業,電子科技類,上櫃 (TPEx)
8249,菱光,普通股,金融保險業,金融保險類,上市 (TWSE)
8255,朋程,普通股,電機機械,傳統產業類,上櫃 (TPEx)
8261,富鼎,普通股,電子零組件業,電子科技類,上市 (TWSE)
8271,宇瞻,普通股,電子零組件業,電子科技類,上市 (TWSE)
8272,全景軟體,普通股,運動休閒,傳統產業類,上櫃 (TPEx)
8277,商丞,普通股,電子零組件業,電子科技類,上櫃 (TPEx)
8279,生展,普通股,光電業,電子科技類,上櫃 (TPEx)
8284,三竹,普通股,運動休閒,傳統產業類,上櫃 (TPEx)
8289,泰藝,普通股,金融保險業,金融保險類,上櫃 (TPEx)
8291,尚茂,普通股,金融保險業,金融保險類,上櫃 (TPEx)
8298,威睿,普通股,運動休閒,傳統產業類,興櫃 (ESM)
8299,群聯,普通股,電子零組件業,電子科技類,上櫃 (TPEx)
8329,台視,普通股,綜合,傳統產業類,興櫃 (ESM)
8341,日友,普通股,綠能環保,政策綠能類,上市 (TWSE)
8342,益張,普通股,半導體業,電子科技類,上櫃 (TPEx)
8345,超秦,普通股,其他業,傳統產業類,興櫃 (ESM)
8349,恒耀國際,普通股,橡膠工業,傳統產業類,上櫃 (TPEx)
8354,冠好,普通股,半導體業,電子科技類,上櫃 (TPEx)
8358,金居,普通股,金融保險業,金融保險類,上櫃 (TPEx)
8359,錢櫃,普通股,油電燃氣業,傳統產業類,興櫃 (ESM)
8367,建新國際,普通股,貿易百貨業,傳統產業類,上市 (TWSE)
8374,羅昇,普通股,電機機械,傳統產業類,上市 (TWSE)
8383,千附,普通股,電子零組件業,電子科技類,上櫃 (TPEx)
8390,金益鼎,普通股,綠能環保,政策綠能類,上櫃 (TPEx)
8401,白紗科,普通股,半導體業,電子科技類,上櫃 (TPEx)
8403,盛弘,普通股,光電業,電子科技類,上櫃 (TPEx)
8404,百和興業-KY,普通股,半導體業,電子科技類,上市 (TWSE)
8409,商之器,普通股,光電業,電子科技類,上櫃 (TPEx)
8410,森田,普通股,電子通路業,電子科技類,上櫃 (TPEx)
8411,福貞-KY,普通股,半導體業,電子科技類,上市 (TWSE)
8415,大國鋼,普通股,橡膠工業,傳統產業類,上櫃 (TPEx)
8416,實威,普通股,運動休閒,傳統產業類,上櫃 (TPEx)
8421,旭源,普通股,半導體業,電子科技類,上櫃 (TPEx)
8422,可寧衛*,普通股,綠能環保,政策綠能類,上市 (TWSE)
8423,保綠-KY,普通股,綠能環保,政策綠能類,上櫃 (TPEx)
8424,惠普,普通股,觀光餐旅,傳統產業類,上櫃 (TPEx)
8426,紅木-KY,普通股,半導體業,電子科技類,上櫃 (TPEx)
8429,金麗-KY,普通股,生技醫療業,生技醫療類,上市 (TWSE)
8431,匯鑽科,普通股,居家生活,傳統產業類,上櫃 (TPEx)
8432,東生華,普通股,光電業,電子科技類,上櫃 (TPEx)
8433,弘帆,普通股,未分類,其他/未分類,上櫃 (TPEx)
8435,鉅邁,普通股,半導體業,電子科技類,上櫃 (TPEx)
8436,大江,普通股,光電業,電子科技類,上櫃 (TPEx)
8437,大地-KY,普通股,半導體業,電子科技類,上櫃 (TPEx)
8438,昶昕,普通股,綠能環保,政策綠能類,上市 (TWSE)
8440,綠電,普通股,綠能環保,政策綠能類,上櫃 (TPEx)
8442,威宏-KY,普通股,半導體業,電子科技類,上市 (TWSE)
8443,阿瘦,普通股,生技醫療業,生技醫療類,上市 (TWSE)
8444,綠河-KY,普通股,半導體業,電子科技類,上櫃 (TPEx)
8446,華研,普通股,綜合,傳統產業類,上櫃 (TPEx)
8450,霹靂,普通股,綜合,傳統產業類,上櫃 (TPEx)
8454,富邦媒,普通股,未分類,其他/未分類,上市 (TWSE)
8455,大拓-KY,普通股,居家生活,傳統產業類,上櫃 (TPEx)
8458,影一,普通股,綜合,傳統產業類,興櫃 (ESM)
8462,柏文,普通股,未分類,其他/未分類,上市 (TWSE)
8463,潤泰材,普通股,半導體業,電子科技類,上市 (TWSE)
8464,億豐,普通股,未分類,其他/未分類,上市 (TWSE)
8466,美吉吉-KY,普通股,半導體業,電子科技類,上市 (TWSE)
8467,波力-KY,普通股,未分類,其他/未分類,上市 (TWSE)
8472,夠麻吉,普通股,未分類,其他/未分類,上櫃 (TPEx)
8473,山林水,普通股,綠能環保,政策綠能類,上市 (TWSE)
8476,台境*,普通股,綠能環保,政策綠能類,上市 (TWSE)
8477,創業家,普通股,未分類,其他/未分類,上櫃 (TPEx)
8478,東哥遊艇,普通股,未分類,其他/未分類,上市 (TWSE)
8481,政伸,普通股,半導體業,電子科技類,上市 (TWSE)
8482,商億-KY,普通股,未分類,其他/未分類,上市 (TWSE)
8487,愛爾達-創,普通股,未分類,其他/未分類,上市 (TWSE)
8488,吉源-KY,普通股,半導體業,電子科技類,上市 (TWSE)
8489,三貝德,普通股,半導體業,電子科技類,上櫃 (TPEx)
8499,鼎炫-KY,普通股,居家生活,傳統產業類,上市 (TWSE)
8905,裕國,普通股,半導體業,電子科技類,上櫃 (TPEx)
8906,花王,普通股,半導體業,電子科技類,上櫃 (TPEx)
8908,欣雄,普通股,通信網路業,電子科技類,上櫃 (TPEx)
8916,光隆,普通股,半導體業,電子科技類,上櫃 (TPEx)
8917,欣泰,普通股,通信網路業,電子科技類,上櫃 (TPEx)
8921,沈氏,普通股,半導體業,電子科技類,上櫃 (TPEx)
8923,時報,普通股,綜合,傳統產業類,上櫃 (TPEx)
8924,大田,普通股,未分類,其他/未分類,上櫃 (TPEx)
8926,台汽電,普通股,通信網路業,電子科技類,上市 (TWSE)
8927,北基,普通股,通信網路業,電子科技類,上櫃 (TPEx)
8928,鉅明,普通股,未分類,其他/未分類,上櫃 (TPEx)
8929,富堡,普通股,半導體業,電子科技類,上櫃 (TPEx)
8930,青鋼,普通股,橡膠工業,傳統產業類,上櫃 (TPEx)
8931,大汽電,普通股,通信網路業,電子科技類,上櫃 (TPEx)
8932,智通*,普通股,未分類,其他/未分類,上櫃 (TPEx)
8933,愛地雅,普通股,未分類,其他/未分類,上櫃 (TPEx)
8935,邦泰,普通股,半導體業,電子科技類,上櫃 (TPEx)
8936,國統,普通股,半導體業,電子科技類,上櫃 (TPEx)
8937,合騏*,普通股,半導體業,電子科技類,上櫃 (TPEx)
8938,明安,普通股,未分類,其他/未分類,上櫃 (TPEx)
8940,新天地,普通股,油電燃氣業,傳統產業類,上市 (TWSE)
8941,關中,普通股,未分類,其他/未分類,上櫃 (TPEx)
8942,森鉅,普通股,半導體業,電子科技類,上櫃 (TPEx)
8996,高力,普通股,電機機械,傳統產業類,上市 (TWSE)
8999,台灣積層,普通股,半導體業,電子科技類,興櫃 (ESM)
9103,美德醫療-DR,普通股,未分類,其他/未分類,上市 (TWSE)
9105,泰金寶-DR,普通股,未分類,其他/未分類,上市 (TWSE)
9110,越南控-DR,普通股,未分類,其他/未分類,上市 (TWSE)
9136,巨騰-DR,普通股,未分類,其他/未分類,上市 (TWSE)
9802,鈺齊-KY,普通股,未分類,其他/未分類,上市 (TWSE)
9902,台火,普通股,半導體業,電子科技類,上市 (TWSE)
9904,寶成,普通股,未分類,其他/未分類,上市 (TWSE)
9905,大華,普通股,半導體業,電子科技類,上市 (TWSE)
9906,欣巴巴,普通股,觀光餐旅,傳統產業類,上市 (TWSE)
9907,統一實,普通股,半導體業,電子科技類,上市 (TWSE)
9908,大台北,普通股,通信網路業,電子科技類,上市 (TWSE)
9910,豐泰,普通股,未分類,其他/未分類,上市 (TWSE)
9911,櫻花,普通股,未分類,其他/未分類,上市 (TWSE)
9912,偉聯,普通股,電子通路業,電子科技類,上市 (TWSE)
9914,美利達,普通股,未分類,其他/未分類,上市 (TWSE)
9917,中保科,普通股,半導體業,電子科技類,上市 (TWSE)
9918,欣天然,普通股,通信網路業,電子科技類,上市 (TWSE)
9919,康那香,普通股,半導體業,電子科技類,上市 (TWSE)
9921,巨大,普通股,未分類,其他/未分類,上市 (TWSE)
9924,福興,普通股,未分類,其他/未分類,上市 (TWSE)
9925,新保,普通股,半導體業,電子科技類,上市 (TWSE)
9926,新海,普通股,通信網路業,電子科技類,上市 (TWSE)
9927,泰銘,普通股,半導體業,電子科技類,上市 (TWSE)
9928,中視,普通股,半導體業,電子科技類,上市 (TWSE)
9929,秋雨,普通股,半導體業,電子科技類,上市 (TWSE)
9930,中聯資源,普通股,綠能環保,政策綠能類,上市 (TWSE)
9931,欣高,普通股,通信網路業,電子科技類,上市 (TWSE)
9933,中鼎,普通股,半導體業,電子科技類,上市 (TWSE)
9934,成霖,普通股,未分類,其他/未分類,上市 (TWSE)
9935,慶豐富,普通股,未分類,其他/未分類,上市 (TWSE)
9937,全國,普通股,通信網路業,電子科技類,上市 (TWSE)
9938,百和,普通股,半導體業,電子科技類,上市 (TWSE)
9939,宏全,普通股,半導體業,電子科技類,上市 (TWSE)
9940,信義,普通股,半導體業,電子科技類,上市 (TWSE)
9941,裕融,普通股,半導體業,電子科技類,上市 (TWSE)
9942,茂順,普通股,半導體業,電子科技類,上市 (TWSE)
9943,好樂迪,普通股,油電燃氣業,傳統產業類,上市 (TWSE)
9944,新麗,普通股,半導體業,電子科技類,上市 (TWSE)
9945,潤泰新,普通股,半導體業,電子科技類,上市 (TWSE)
9946,三發地產,普通股,觀光餐旅,傳統產業類,上市 (TWSE)
9949,琉園,普通股,綜合,傳統產業類,上櫃 (TPEx)
9950,萬國通,普通股,塑膠工業,傳統產業類,上櫃 (TPEx)
9951,皇田,普通股,電機機械,傳統產業類,上櫃 (TPEx)
9955,佳龍,普通股,綠能環保,政策綠能類,上市 (TWSE)
9957,燁聯,普通股,橡膠工業,傳統產業類,興櫃 (ESM)
9958,世紀鋼,普通股,橡膠工業,傳統產業類,上市 (TWSE)
9960,邁達康,普通股,未分類,其他/未分類,上櫃 (TPEx)
9962,有益,普通股,橡膠工業,傳統產業類,上櫃 (TPEx)
910322,康師傅-DR,普通股,未分類,其他/未分類,上市 (TWSE)
910861,神州-DR,普通股,未分類,其他/未分類,上市 (TWSE)
911608,明輝-DR,普通股,未分類,其他/未分類,上市 (TWSE)
911622,泰聚亨-DR,普通股,未分類,其他/未分類,上市 (TWSE)
911868,同方友友-DR,普通股,未分類,其他/未分類,上市 (TWSE)
912000,晨訊科-DR,普通股,未分類,其他/未分類,上市 (TWSE)
